id,first_name,last_name,email,gender,phone_number,company
1,Garrott,Syrie,gsyrie0@mail.ru,Male,450-845-1331,Mueller-Hessel
2,Ashlin,Kennifick,akennifick1@woothemes.com,Male,744-194-3149,"Stokes, Schulist and Bernier"
3,Hayes,Oxterby,hoxterby2@vkontakte.ru,Male,419-734-3446,"Ankunding, Nader and Klocko"
4,Merrili,Allon,mallon3@fastcompany.com,Female,726-576-2062,"Jacobs, Schmitt and Larkin"
5,Keir,Romero,kromero4@engadget.com,Male,608-202-7253,"Hoeger, Reinger and Kling"
6,Art,Lemmertz,alemmertz5@topsy.com,Male,924-878-5849,Lesch-Davis
7,Michal,Currao,mcurrao6@disqus.com,Male,699-185-3519,"Steuber, Schamberger and Hackett"
8,Thomasine,Lovatt,tlovatt7@sitemeter.com,Female,667-433-6711,White-Gerhold
9,Melosa,Devany,mdevany8@weebly.com,Genderqueer,537-736-0302,"Klein, Sporer and Mitchell"
10,Kenn,Wilfling,kwilfling9@stanford.edu,Male,155-843-9292,Williamson Group
11,Gaby,Bowell,gbowella@theglobeandmail.com,Female,652-137-9681,"Bayer, VonRueden and Grimes"
12,Louise,Aggott,laggottb@slashdot.org,Genderfluid,652-238-4139,VonRueden and Sons
13,Bonny,Cellone,bcellonec@opera.com,Bigender,674-312-3782,"Boyer, Dach and Thiel"
14,Rustin,Reynish,rreynishd@ovh.net,Genderfluid,980-545-4657,Lynch-Hettinger
15,Gallagher,Jacobowits,gjacobowitse@springer.com,Male,784-841-6301,Rodriguez-VonRueden
16,Bobine,Thridgould,bthridgouldf@yellowpages.com,Female,179-286-7876,Considine-Franecki
17,Lloyd,Gowan,lgowang@unesco.org,Male,630-262-7315,Medhurst-Wilderman
18,Mathian,Brittan,mbrittanh@berkeley.edu,Male,649-980-8459,Walsh-Renner
19,Dianemarie,Lahiff,dlahiffi@salon.com,Female,574-190-1412,Beier and Sons
20,Kinny,Shankland,kshanklandj@facebook.com,Male,981-330-7093,"Predovic, Ankunding and Hintz"
21,Austine,Ioannou,aioannouk@bizjournals.com,Female,394-504-5900,Johns Group
22,Katrinka,Rivard,krivardl@earthlink.net,Female,571-713-4267,"Pfeffer, Bogan and Moore"
23,Silva,Frankland,sfranklandm@naver.com,Female,740-421-8451,Bergnaum and Sons
24,Adair,Gillice,agillicen@drupal.org,Male,717-278-2270,"Leannon, Quigley and Hagenes"
25,Germayne,Yoslowitz,gyoslowitzo@unblog.fr,Male,572-996-2648,Schaefer Group
26,Heddie,Strutt,hstruttp@vistaprint.com,Female,358-207-0106,Hyatt-Jacobson
27,Roseanna,Parnby,rparnbyq@parallels.com,Female,714-338-1649,McClure-Deckow
28,Kyle,Marchello,kmarchellor@who.int,Male,943-883-6834,Berge-Schuster
29,Hulda,Witsey,hwitseys@github.com,Female,232-470-3573,Bernhard and Sons
30,Juliann,Colton,jcoltont@hubpages.com,Female,489-653-8762,Gulgowski-Monahan
31,Webster,Loadwick,wloadwicku@surveymonkey.com,Male,697-155-3855,"O'Reilly, Beatty and Kris"
32,Korey,Surgeoner,ksurgeonerv@cyberchimps.com,Male,154-152-2270,Huels-Schmeler
33,Iver,Beagen,ibeagenw@ucoz.ru,Male,864-701-4388,Nicolas LLC
34,Addie,Sherrocks,asherrocksx@unicef.org,Female,145-113-5772,Ratke Inc
35,Josi,Goodwell,jgoodwelly@webmd.com,Female,855-989-1682,"Purdy, Smitham and Romaguera"
36,Nanine,Beardsley,nbeardsleyz@virginia.edu,Female,346-139-1383,"Little, Thompson and Farrell"
37,Umberto,Ecclestone,uecclestone10@utexas.edu,Male,530-881-2287,"Stark, Kilback and Blanda"
38,Felecia,Sergean,fsergean11@fotki.com,Bigender,636-728-7298,"Borer, Carroll and Schuster"
39,D'arcy,Shurrock,dshurrock12@imageshack.us,Male,619-190-5084,Barrows-Kuphal
40,Peyter,Tull,ptull13@netvibes.com,Male,183-423-5282,Ritchie-Labadie
41,Anjela,Lago,alago14@linkedin.com,Female,562-838-2081,"Predovic, DuBuque and Schimmel"
42,Mischa,Hornung,mhornung15@etsy.com,Male,685-543-1763,"Fadel, Medhurst and Goldner"
43,Hyman,Kobpa,hkobpa16@phoca.cz,Male,482-940-5798,Schumm Group
44,Bryn,Athowe,bathowe17@nasa.gov,Male,730-276-6239,"Langosh, Quitzon and Hirthe"
45,Malachi,Marians,mmarians18@imgur.com,Male,980-390-0595,Weber Inc
46,Tami,Studd,tstudd19@oracle.com,Female,190-160-6685,"Bode, Wintheiser and Pfannerstill"
47,Simone,Annear,sannear1a@chronoengine.com,Male,816-107-6787,Kling Group
48,Barbara-anne,Schops,bschops1b@people.com.cn,Female,573-720-9534,Parker-Witting
49,Glen,Ackeroyd,gackeroyd1c@fotki.com,Male,246-242-9512,Powlowski and Sons
50,Corbie,Clymo,cclymo1d@wiley.com,Male,943-216-6825,Streich and Sons
51,Rozina,Schechter,rschechter1e@ucsd.edu,Female,427-673-5327,"Raynor, Ledner and Raynor"
52,Letitia,Northedge,lnorthedge1f@nationalgeographic.com,Female,176-796-4835,Purdy and Sons
53,Gilles,Rodolphe,grodolphe1g@devhub.com,Male,380-774-2197,"Mueller, Padberg and Bashirian"
54,Kristoforo,Spray,kspray1h@ted.com,Male,234-988-9853,Boehm-Rowe
55,Irving,Godlonton,igodlonton1i@g.co,Male,855-725-2368,King and Sons
56,Florella,Plomer,fplomer1j@last.fm,Female,304-172-7226,West-Mante
57,Nananne,Keesman,nkeesman1k@aol.com,Female,811-333-5250,Schaden Inc
58,Rinaldo,Slee,rslee1l@mozilla.org,Male,600-109-3932,Wyman LLC
59,Pavlov,Lettsom,plettsom1m@google.es,Male,205-394-9538,Roob and Sons
60,Costa,Sherwyn,csherwyn1n@vk.com,Male,805-948-8402,"Gibson, Stanton and Stokes"
61,Danie,Wapplington,dwapplington1o@uol.com.br,Male,342-904-7952,"Considine, Kunde and Ward"
62,Lila,Borlease,lborlease1p@meetup.com,Female,883-987-4391,"Dickinson, Roberts and Keeling"
63,Giorgio,Stit,gstit1q@yelp.com,Male,160-333-8060,Cummerata LLC
64,Jo-ann,Pechard,jpechard1r@hc360.com,Female,261-526-7883,Gerlach LLC
65,Joy,Cornu,jcornu1s@umich.edu,Female,571-895-9629,"Baumbach, Kertzmann and Donnelly"
66,Almeda,Piatkowski,apiatkowski1t@gravatar.com,Female,930-195-2086,Windler-Boehm
67,Aldus,Wards,awards1u@shutterfly.com,Male,516-288-0644,Stokes-Greenfelder
68,Maje,Gloster,mgloster1v@arstechnica.com,Male,443-359-8869,Pouros Inc
69,Morlee,Schottli,mschottli1w@macromedia.com,Male,996-332-7480,Nitzsche-Padberg
70,Ciel,Alderton,calderton1x@behance.net,Female,205-634-8483,Jaskolski Group
71,Laughton,Goggen,lgoggen1y@nifty.com,Male,938-674-1643,"Effertz, Klocko and Shanahan"
72,Alys,Keeping,akeeping1z@japanpost.jp,Bigender,367-213-9981,Heidenreich-Wisoky
73,Marti,Tedder,mtedder20@ca.gov,Female,653-220-7953,"Ondricka, Cartwright and Hills"
74,Denny,De Avenell,ddeavenell21@github.io,Female,553-311-2961,Bayer-Luettgen
75,Belinda,Kinnen,bkinnen22@sourceforge.net,Genderqueer,936-269-8918,Murray Group
76,Wes,Labitt,wlabitt23@trellian.com,Male,211-653-4829,"Littel, Kuvalis and Schultz"
77,Jeanie,Upson,jupson24@abc.net.au,Non-binary,706-230-6192,Schinner-McGlynn
78,Opalina,Penny,openny25@newsvine.com,Female,221-845-5494,"Wiegand, Nitzsche and Carroll"
79,Robbyn,Ringham,rringham26@tmall.com,Female,359-536-3251,Murphy Group
80,Kelly,Huleatt,khuleatt27@about.com,Male,607-824-2147,Ryan-Hammes
81,Elroy,Ruslen,eruslen28@ft.com,Male,927-863-2499,"Collier, Kozey and Reichel"
82,Lenee,Pinwell,lpinwell29@nasa.gov,Female,803-669-2102,Wuckert LLC
83,Harman,Polotti,hpolotti2a@tmall.com,Male,572-971-2158,Dicki Inc
84,Rosalie,Zambonini,rzambonini2b@accuweather.com,Female,959-693-8420,Terry LLC
85,Chiquita,McIan,cmcian2c@pcworld.com,Female,338-605-0237,Towne Group
86,Cosetta,Youd,cyoud2d@foxnews.com,Female,618-348-3360,Lebsack LLC
87,Donnie,Conklin,dconklin2e@a8.net,Male,797-611-2418,Beahan Inc
88,Romeo,Tuffield,rtuffield2f@wordpress.org,Male,427-705-1543,"Schaden, Heller and McKenzie"
89,Raye,Earp,rearp2g@mayoclinic.com,Female,842-606-2722,Schoen-Zboncak
90,Nevil,Catley,ncatley2h@twitpic.com,Male,404-836-3968,Kertzmann LLC
91,Giraldo,Breacher,gbreacher2i@wordpress.org,Male,689-155-3966,"Mueller, Brown and Grimes"
92,Fabiano,Rief,frief2j@sohu.com,Male,173-979-8400,"Braun, Block and Little"
93,Andrus,Perrie,aperrie2k@amazon.com,Male,862-811-7842,Schuster and Sons
94,Merola,Innot,minnot2l@cafepress.com,Female,366-863-8137,"Greenholt, White and Cummings"
95,Berky,Mapples,bmapples2m@upenn.edu,Male,456-219-3832,"Emmerich, Morissette and Botsford"
96,Dmitri,Gealy,dgealy2n@google.com,Male,682-215-3597,"Kulas, Langworth and Wolf"
97,Eugenius,Vinten,evinten2o@diigo.com,Male,484-488-7359,Bosco LLC
98,Mathias,de la Valette Parisot,mdelavaletteparisot2p@marketwatch.com,Male,579-809-8430,Lockman Inc
99,Boniface,Attrey,battrey2q@desdev.cn,Male,306-689-9686,Bashirian and Sons
100,Davon,Gaw,dgaw2r@imdb.com,Male,484-530-7143,Trantow Inc
101,Nero,Sweatland,nsweatland2s@dell.com,Bigender,687-918-5315,"Rempel, Gutkowski and Tremblay"
102,Sanders,Finnemore,sfinnemore2t@foxnews.com,Male,379-929-9902,"Crooks, Shields and Christiansen"
103,Thedrick,Casbourne,tcasbourne2u@howstuffworks.com,Male,483-862-5378,"Glover, Kshlerin and Schinner"
104,Rustin,Gaudon,rgaudon2v@discovery.com,Male,103-759-9769,"Barton, Carter and Abshire"
105,Patsy,Conre,pconre2w@nsw.gov.au,Polygender,922-698-0488,Wisozk-Schultz
106,Myrwyn,MacNeilley,mmacneilley2x@ifeng.com,Male,375-305-1622,Brekke and Sons
107,Brnaby,Featherston,bfeatherston2y@businessweek.com,Agender,894-478-2418,"Kshlerin, Goldner and Monahan"
108,Knox,Henner,khenner2z@wordpress.com,Male,462-669-0054,"Breitenberg, Bode and Hilll"
109,Kissee,Starking,kstarking30@stanford.edu,Female,499-714-5757,Kiehn-Crooks
110,Harley,Plail,hplail31@yandex.ru,Female,920-374-9894,Roberts-Jones
111,Harrietta,Martusewicz,hmartusewicz32@ihg.com,Female,102-515-6825,"Marks, Bergstrom and Steuber"
112,Lewes,Tace,ltace33@is.gd,Male,863-580-1092,Padberg-Jacobs
113,Moss,O'Donnell,modonnell34@nasa.gov,Male,485-323-5964,Ferry LLC
114,Frederic,Hrishanok,fhrishanok35@digg.com,Male,667-179-3315,Wolff Group
115,Kinna,Scamal,kscamal36@netvibes.com,Polygender,873-631-5818,Lubowitz-Mann
116,Morse,Scrange,mscrange37@deliciousdays.com,Male,122-900-6648,Wintheiser LLC
117,Bee,Benn,bbenn38@twitpic.com,Female,872-975-0399,Sawayn-Klocko
118,Claudio,Braidley,cbraidley39@sohu.com,Genderfluid,131-723-9458,Green Group
119,Brock,Cartmill,bcartmill3a@godaddy.com,Male,685-747-9756,Conn-Heidenreich
120,Tedmund,Nunes Nabarro,tnunesnabarro3b@usda.gov,Male,876-658-4032,Roberts-Bogisich
121,Bogart,Millership,bmillership3c@tripadvisor.com,Male,539-808-1195,Bahringer and Sons
122,Flss,Bosomworth,fbosomworth3d@edublogs.org,Female,530-147-0634,Marks and Sons
123,Billie,Real,breal3e@hugedomains.com,Female,417-232-3250,Purdy Inc
124,Fleur,Skyme,fskyme3f@rakuten.co.jp,Female,929-479-5611,"Hane, Murray and Hackett"
125,Fulton,Steel,fsteel3g@thetimes.co.uk,Non-binary,274-834-4071,Schuster Group
126,Nicola,Copland,ncopland3h@rediff.com,Male,878-421-2775,"Rau, Mante and Block"
127,Xever,Aristide,xaristide3i@microsoft.com,Male,257-809-9370,Jenkins-D'Amore
128,Gene,Hinstock,ghinstock3j@discuz.net,Male,361-264-6707,Bernier-Grant
129,Robbie,Hansel,rhansel3k@smugmug.com,Genderqueer,165-808-1272,Block-Rosenbaum
130,Maris,Hambatch,mhambatch3l@themeforest.net,Female,821-653-3081,Cremin-Carroll
131,Datha,Matokhnin,dmatokhnin3m@opera.com,Female,327-634-7255,O'Hara-Armstrong
132,Devonne,MacCorley,dmaccorley3n@de.vu,Female,534-928-6067,Fritsch LLC
133,Deonne,Furphy,dfurphy3o@nymag.com,Female,952-653-3175,"Metz, Emmerich and Watsica"
134,Lennie,Mawby,lmawby3p@soundcloud.com,Male,117-715-5127,Gottlieb Inc
135,Bailie,Swinglehurst,bswinglehurst3q@ehow.com,Male,363-788-9225,"Bashirian, Lindgren and Harris"
136,Dicky,Warre,dwarre3r@independent.co.uk,Male,186-495-3006,"Koch, Mraz and Dicki"
137,Romonda,Linnane,rlinnane3s@github.com,Non-binary,574-378-7374,"McDermott, Greenholt and O'Keefe"
138,Adler,Erb,aerb3t@cbsnews.com,Male,440-363-7692,O'Connell and Sons
139,Roberto,Conws,rconws3u@abc.net.au,Male,657-492-6024,"Beer, Lesch and Parker"
140,Tadd,Neachell,tneachell3v@wp.com,Male,974-371-1549,Hammes-Hilll
141,Jocko,Hambright,jhambright3w@flavors.me,Male,633-367-3544,Hoppe-Johnson
142,Ximenez,Cinderey,xcinderey3x@virginia.edu,Male,239-348-0291,Friesen LLC
143,Oswald,Tresler,otresler3y@wix.com,Male,315-779-5700,Hudson and Sons
144,Barbette,Ponceford,bponceford3z@samsung.com,Female,208-397-5255,DuBuque-Ryan
145,Grete,Benger,gbenger40@shutterfly.com,Female,207-653-8979,Bechtelar-Funk
146,Murdock,Garthland,mgarthland41@freewebs.com,Male,545-234-6854,Rosenbaum Inc
147,Flory,Shotboulte,fshotboulte42@furl.net,Bigender,708-551-0535,Quitzon Inc
148,Renato,Dunckley,rdunckley43@i2i.jp,Male,443-427-4522,Ullrich-Veum
149,Devinne,Christopher,dchristopher44@unesco.org,Female,179-538-1808,Dooley-Nicolas
150,Adella,Daviddi,adaviddi45@cam.ac.uk,Bigender,448-608-0469,"Parisian, Connelly and Weissnat"
151,Kendall,Kuscha,kkuscha46@wordpress.com,Male,312-952-6821,"Lynch, Rohan and Windler"
152,Gaynor,Christofor,gchristofor47@apple.com,Female,604-563-7309,Cassin Group
153,Rubina,Morland,rmorland48@foxnews.com,Female,437-252-9511,"Gibson, Beatty and Wehner"
154,Jarret,Adshed,jadshed49@g.co,Male,178-456-3879,Senger Inc
155,Cy,Fernie,cfernie4a@about.com,Male,627-362-5011,Ferry-Lind
156,August,Panter,apanter4b@unblog.fr,Male,916-590-9940,"Larkin, Runolfsdottir and Wilderman"
157,Tonia,Nurcombe,tnurcombe4c@forbes.com,Female,308-207-1107,Skiles and Sons
158,Neile,Harwell,nharwell4d@chron.com,Female,904-593-8804,Hammes-Balistreri
159,Ferne,Huxster,fhuxster4e@diigo.com,Agender,185-188-1285,"Konopelski, Schmidt and Reynolds"
160,Palm,Hakey,phakey4f@ucoz.com,Male,960-325-2918,"Powlowski, Larson and Bode"
161,Scarlett,Thewles,sthewles4g@ft.com,Female,641-977-2055,Bergstrom-Gutmann
162,Sly,Rugieri,srugieri4h@odnoklassniki.ru,Male,722-254-4473,"Huel, Orn and Hayes"
163,Waverly,Bogaert,wbogaert4i@slate.com,Male,133-702-7299,"Langworth, Leannon and Schimmel"
164,Antonin,Raden,araden4j@nih.gov,Male,988-773-6932,"McCullough, Schowalter and Nader"
165,Jeremias,Giovanni,jgiovanni4k@netlog.com,Male,327-571-0503,Bode Inc
166,Hyman,Morphey,hmorphey4l@loc.gov,Male,776-764-9050,"Nader, Romaguera and Ebert"
167,Deloris,O'Hanley,dohanley4m@pinterest.com,Female,115-653-3024,Schimmel-Koch
168,Tab,Deplacido,tdeplacido4n@cargocollective.com,Male,472-271-6055,"O'Keefe, Hansen and Keebler"
169,Myer,Vaux,mvaux4o@ca.gov,Male,328-964-3333,"Conn, Keebler and Koch"
170,Delmer,Kornilyev,dkornilyev4p@ow.ly,Male,683-359-3947,"Nolan, Schmidt and Glover"
171,Benedikt,Brekonridge,bbrekonridge4q@livejournal.com,Male,942-576-9383,Paucek-Barrows
172,Cad,Seago,cseago4r@hostgator.com,Male,217-256-6694,Goyette Inc
173,Elmer,Niessen,eniessen4s@independent.co.uk,Male,415-467-6731,"Swift, Kohler and Mosciski"
174,Myrtie,Walisiak,mwalisiak4t@nature.com,Female,143-711-1893,Champlin LLC
175,Meredith,Gillie,mgillie4u@youku.com,Female,558-115-6070,Hermiston and Sons
176,Chery,Abramovicz,cabramovicz4v@theatlantic.com,Female,878-216-7587,"Reilly, Mraz and Gorczany"
177,Perice,Elkins,pelkins4w@ycombinator.com,Male,463-654-3139,Emmerich-Graham
178,Zondra,Westbury,zwestbury4x@naver.com,Female,873-412-4835,"Ruecker, Kreiger and Grant"
179,Claudelle,Trustrie,ctrustrie4y@timesonline.co.uk,Female,207-527-5774,Connelly-Hahn
180,Kerstin,Truggian,ktruggian4z@hexun.com,Female,410-839-4664,Walsh Inc
181,Thadeus,Stares,tstares50@psu.edu,Male,202-333-3162,Block LLC
182,Petra,Carlisso,pcarlisso51@usatoday.com,Female,103-388-8959,Bashirian and Sons
183,Reginald,Arnot,rarnot52@answers.com,Non-binary,267-401-9596,Walker LLC
184,Joachim,Silkston,jsilkston53@rakuten.co.jp,Male,152-750-7288,Hermiston and Sons
185,Myrwyn,Henkmann,mhenkmann54@hostgator.com,Genderqueer,244-172-0776,Beahan Group
186,Orton,Easen,oeasen55@economist.com,Non-binary,931-526-2759,"Rice, Lind and Klein"
187,Esme,Levi,elevi56@ebay.com,Female,272-448-8334,Sawayn-O'Reilly
188,Trumaine,Hehnke,thehnke57@vimeo.com,Male,726-925-5716,"Johns, King and Kreiger"
189,Waylan,Gulliver,wgulliver58@amazonaws.com,Male,822-629-8160,Feest and Sons
190,Richie,Snelgar,rsnelgar59@usa.gov,Agender,649-446-5794,Hettinger-Smith
191,Ingeberg,Esposi,iesposi5a@sourceforge.net,Female,736-134-3715,Waelchi Inc
192,Ingrim,Causbey,icausbey5b@deliciousdays.com,Male,912-990-5598,Hoppe and Sons
193,Lorettalorna,Adamo,ladamo5c@telegraph.co.uk,Female,410-859-5461,"Cronin, Gottlieb and Stanton"
194,Tomasine,Waslin,twaslin5d@jiathis.com,Female,499-304-1871,Sanford-Jakubowski
195,Fredia,Eyden,feyden5e@weebly.com,Female,136-713-7587,Keebler Group
196,Cordi,Donnachie,cdonnachie5f@yahoo.co.jp,Female,422-385-8809,Gorczany and Sons
197,Rebekah,Berceros,rberceros5g@sourceforge.net,Polygender,825-975-8252,"Kling, Kreiger and Ebert"
198,Agnesse,Bramich,abramich5h@washington.edu,Female,700-444-2593,Cartwright Group
199,Daffie,Banister,dbanister5i@biglobe.ne.jp,Female,116-472-7934,"Kutch, Graham and Beier"
200,Tore,Tonn,ttonn5j@paginegialle.it,Male,168-229-2607,Bosco-Veum
201,Ferd,Burgwyn,fburgwyn5k@sakura.ne.jp,Male,969-878-3183,Towne and Sons
202,Nicky,Discombe,ndiscombe5l@marketwatch.com,Female,303-349-0580,Wiegand and Sons
203,Leilah,Wyse,lwyse5m@whitehouse.gov,Female,805-818-7656,Sipes and Sons
204,Cassi,Babcock,cbabcock5n@goo.ne.jp,Female,553-625-3439,Lebsack Group
205,Marco,Wass,mwass5o@macromedia.com,Male,134-520-1292,Lubowitz LLC
206,Benn,Ekins,bekins5p@quantcast.com,Male,790-665-5386,Glover-Klein
207,Westbrook,Golley,wgolley5q@indiatimes.com,Agender,991-892-1592,"Walsh, Kris and Kertzmann"
208,Moishe,Fitt,mfitt5r@miitbeian.gov.cn,Male,895-791-6677,"Lemke, Collier and Reichert"
209,Hort,Kivelle,hkivelle5s@cocolog-nifty.com,Male,657-717-8952,Hoeger Inc
210,Cleve,Leader,cleader5t@redcross.org,Male,173-837-0863,Hirthe-Huel
211,Elie,Fowley,efowley5u@imdb.com,Non-binary,521-590-6790,Heller Group
212,Cassie,Heintzsch,cheintzsch5v@lycos.com,Female,290-332-2994,Champlin LLC
213,Lay,Broadhurst,lbroadhurst5w@walmart.com,Genderqueer,633-633-3561,"Kulas, Bernhard and Schimmel"
214,Raven,Szantho,rszantho5x@wikimedia.org,Female,545-799-9705,Kihn Inc
215,Caryl,Mulroy,cmulroy5y@ihg.com,Male,451-335-1939,Ratke LLC
216,Valencia,Camber,vcamber5z@g.co,Female,855-335-6566,Schneider and Sons
217,Mic,MacKall,mmackall60@zdnet.com,Male,274-591-5904,Green Inc
218,Thorndike,De Simone,tdesimone61@telegraph.co.uk,Male,798-235-7472,Welch-Mueller
219,Maddie,Busst,mbusst62@prnewswire.com,Male,208-497-5144,Rutherford and Sons
220,Jonell,Wallicker,jwallicker63@youku.com,Female,307-928-0630,"Kessler, Nader and Maggio"
221,Stevie,O'Doherty,sodoherty64@icio.us,Male,482-831-0113,Boehm-Ruecker
222,Shalna,Somner,ssomner65@cloudflare.com,Female,108-528-6367,Mills-Kassulke
223,Koral,Speariett,kspeariett66@ustream.tv,Female,698-995-2983,"Von, O'Kon and Parker"
224,Jim,Swain,jswain67@google.com.hk,Male,970-765-9952,"Bins, Lockman and Prohaska"
225,Becca,Muselli,bmuselli68@toplist.cz,Female,121-958-2355,Bradtke and Sons
226,Kristopher,Davidde,kdavidde69@addtoany.com,Male,144-731-0862,Upton-Jaskolski
227,Catrina,Chaney,cchaney6a@epa.gov,Female,564-189-1543,Reilly LLC
228,Hagan,Ingyon,hingyon6b@w3.org,Male,577-377-6975,Ledner Inc
229,Isabelita,Dally,idally6c@parallels.com,Female,873-879-6326,"Russel, Grimes and Satterfield"
230,Howard,Sertin,hsertin6d@nbcnews.com,Male,612-457-1693,Williamson-O'Conner
231,Maggie,Thursfield,mthursfield6e@about.com,Female,378-535-5494,"Okuneva, Dibbert and Schumm"
232,Ardeen,Chantree,achantree6f@reference.com,Female,443-737-0434,Brown-Ferry
233,Bernie,Labusquiere,blabusquiere6g@amazon.co.uk,Female,402-358-3840,"Christiansen, Kuhn and Weimann"
234,Con,Coate,ccoate6h@harvard.edu,Male,845-456-2152,"Wiegand, Ullrich and Pfannerstill"
235,Eda,Moreinis,emoreinis6i@auda.org.au,Female,160-131-3966,Schimmel-Beahan
236,Hedwig,Sager,hsager6j@macromedia.com,Female,322-281-2477,"Pagac, Keeling and Abbott"
237,Alexei,Mostyn,amostyn6k@blogspot.com,Male,685-744-2229,Zboncak-Blanda
238,Gottfried,Oakwell,goakwell6l@statcounter.com,Male,504-306-7746,Goodwin-Shields
239,Britt,Farnall,bfarnall6m@columbia.edu,Female,190-594-8250,Waters-Schmeler
240,Rafferty,Sumption,rsumption6n@eventbrite.com,Male,428-578-3484,"Rohan, DuBuque and Smith"
241,Gradey,Crevy,gcrevy6o@nature.com,Genderfluid,837-879-1593,Dibbert-Schoen
242,Zenia,Baldacchi,zbaldacchi6p@berkeley.edu,Genderqueer,276-165-1811,"Kihn, Brakus and Bradtke"
243,Shelden,Duiguid,sduiguid6q@stanford.edu,Male,571-554-4850,Runolfsson Group
244,Gelya,Jarry,gjarry6r@cam.ac.uk,Female,402-706-6043,Bergnaum Inc
245,Genevieve,Trott,gtrott6s@addtoany.com,Female,615-199-1466,Koepp-Stiedemann
246,Theodoric,Tripett,ttripett6t@sakura.ne.jp,Male,742-176-2868,Spencer-Sipes
247,Salem,Henrie,shenrie6u@time.com,Male,829-345-5588,Gleichner-Champlin
248,Ingar,Hardesty,ihardesty6v@live.com,Male,476-814-8762,"McKenzie, Gerlach and Kemmer"
249,Lorraine,Darbey,ldarbey6w@china.com.cn,Female,440-133-0447,Daugherty-Corkery
250,Faulkner,Nare,fnare6x@aol.com,Male,514-204-8329,Torp-Renner
251,Renard,Worthing,rworthing6y@com.com,Male,871-870-0969,Hermiston-Ferry
252,Berton,Postance,bpostance6z@feedburner.com,Male,645-814-4290,Kertzmann Inc
253,Maritsa,Stitt,mstitt70@simplemachines.org,Female,917-381-0867,Wilkinson-Moore
254,Barbara-anne,Trubshawe,btrubshawe71@yelp.com,Female,735-766-9824,"Graham, Towne and Heathcote"
255,Eartha,Alwen,ealwen72@slideshare.net,Female,776-185-2524,"Bins, Lind and Conroy"
256,Lida,Clemente,lclemente73@facebook.com,Female,650-958-0959,Kulas and Sons
257,Boniface,Colthard,bcolthard74@china.com.cn,Male,204-186-3831,"Keeling, Schumm and Schowalter"
258,Kipp,Renehan,krenehan75@reverbnation.com,Female,528-455-1506,Homenick-Heaney
259,Jaclyn,Winterton,jwinterton76@deliciousdays.com,Female,254-474-3238,"Abernathy, Kautzer and Stanton"
260,Chane,Tidmarsh,ctidmarsh77@so-net.ne.jp,Male,465-812-7230,Wintheiser and Sons
261,Rosette,Inkpen,rinkpen78@comcast.net,Female,812-157-4829,Zulauf-Kuhn
262,Rogers,Trahmel,rtrahmel79@networkadvertising.org,Male,136-220-4822,"Brekke, Gottlieb and Reilly"
263,Reube,Dabnor,rdabnor7a@google.com.br,Male,852-971-5638,Bednar-Heathcote
264,Leandra,Pavier,lpavier7b@gov.uk,Female,133-944-7091,West-Bartell
265,Adela,Briers,abriers7c@nasa.gov,Female,727-400-9164,Homenick-Carter
266,Karlan,Anyene,kanyene7d@bbc.co.uk,Male,231-829-6090,Torphy Inc
267,Dania,Ledgeway,dledgeway7e@com.com,Female,145-958-1872,"Mertz, Smitham and Beahan"
268,Daron,Prandy,dprandy7f@pen.io,Female,711-233-8772,Bechtelar-Bins
269,Barb,Ragsdale,bragsdale7g@nydailynews.com,Female,930-265-1842,Oberbrunner-Mosciski
270,Saxe,Dutson,sdutson7h@sitemeter.com,Genderfluid,330-489-7473,Hodkiewicz Inc
271,Ferd,Copley,fcopley7i@4shared.com,Male,886-852-9648,Roob LLC
272,Fabiano,Pedrick,fpedrick7j@goo.gl,Male,907-469-7713,"Abbott, Ledner and Littel"
273,Damiano,Grzesiak,dgrzesiak7k@gnu.org,Male,318-683-1195,"Murphy, Feeney and Gorczany"
274,Haskel,Broune,hbroune7l@slate.com,Male,448-371-3690,Heller-Quitzon
275,Orelee,Rama,orama7m@apache.org,Female,814-286-2787,Davis-Conroy
276,Lou,Amys,lamys7n@oracle.com,Male,814-681-0172,Abernathy-Mills
277,Guglielmo,Tilt,gtilt7o@drupal.org,Male,440-760-5841,Quitzon and Sons
278,Philomena,Pudan,ppudan7p@blogspot.com,Female,263-416-3817,"Wolf, Quigley and Dickens"
279,Mill,Saiens,msaiens7q@google.pl,Male,491-618-5332,Hoppe LLC
280,Oralie,McFeat,omcfeat7r@deviantart.com,Female,908-688-5137,Nicolas-Johnston
281,Eddi,Benley,ebenley7s@dmoz.org,Female,955-407-7707,Buckridge-Breitenberg
282,Hilarius,Moakes,hmoakes7t@cbc.ca,Male,375-265-9599,Johns-Yost
283,Chrissy,Ganley,cganley7u@joomla.org,Male,921-649-0279,Gibson-Paucek
284,Chico,Maidens,cmaidens7v@examiner.com,Male,442-276-4853,Ullrich Group
285,Alberik,Escoffier,aescoffier7w@amazon.de,Male,304-833-4038,Ward-Schmeler
286,Felicio,Egarr,fegarr7x@ehow.com,Male,665-261-0404,Bednar-O'Conner
287,Stanley,Evamy,sevamy7y@nifty.com,Male,341-364-3119,Ortiz-Mayer
288,Elia,Laimable,elaimable7z@cornell.edu,Genderqueer,870-249-8191,Padberg Inc
289,Free,Craister,fcraister80@newsvine.com,Polygender,498-415-3133,Haag-Cruickshank
290,Augustina,Kemmons,akemmons81@blinklist.com,Female,108-497-5607,"Batz, Renner and Rath"
291,Corena,Abelovitz,cabelovitz82@cisco.com,Female,292-375-4741,Kertzmann-Parker
292,Rania,Blewett,rblewett83@businesswire.com,Non-binary,775-440-2393,Gislason Group
293,Garrot,Ply,gply84@fda.gov,Agender,210-922-4044,Stark LLC
294,Patric,Maffulli,pmaffulli85@reverbnation.com,Male,937-770-9985,Bins Inc
295,Ulrick,Alejandro,ualejandro86@cbc.ca,Male,817-775-4145,"Jones, Torphy and Ratke"
296,Eddy,Baskwell,ebaskwell87@altervista.org,Female,869-163-1979,Sawayn LLC
297,Bridgette,Petrowsky,bpetrowsky88@feedburner.com,Female,578-864-1678,Davis-Nikolaus
298,Cass,Hedley,chedley89@drupal.org,Female,405-279-9275,Stamm-Rosenbaum
299,Nico,Gilston,ngilston8a@zimbio.com,Male,450-224-4331,Harris Inc
300,Belva,Theuss,btheuss8b@rediff.com,Female,886-877-4172,Skiles-Hansen
301,Stephani,Fauguel,sfauguel8c@redcross.org,Female,104-849-5603,"Armstrong, Streich and Kilback"
302,Harriot,Coo,hcoo8d@flickr.com,Female,685-890-4492,Rau-Witting
303,Claudell,Monini,cmonini8e@xing.com,Male,639-732-7114,Kerluke LLC
304,Fan,Wiggins,fwiggins8f@dot.gov,Female,440-243-9126,Funk LLC
305,Aaron,Koschek,akoschek8g@is.gd,Male,506-425-7753,Mosciski-Wilkinson
306,Levey,Blazic,lblazic8h@bbc.co.uk,Male,218-314-1300,Carroll-Rogahn
307,Rockey,Buey,rbuey8i@tripod.com,Male,304-635-1165,D'Amore-O'Conner
308,Burt,Andreone,bandreone8j@wisc.edu,Male,509-338-5853,Hermann LLC
309,Annaliese,Petrello,apetrello8k@huffingtonpost.com,Female,705-761-3676,Goldner Group
310,Deerdre,Asser,dasser8l@howstuffworks.com,Female,413-638-0401,"Stanton, Moore and Zemlak"
311,Aubert,Lowrey,alowrey8m@abc.net.au,Polygender,670-653-0907,"Beer, Price and Beier"
312,Gardy,Doohan,gdoohan8n@nationalgeographic.com,Male,427-561-0170,Bogisich and Sons
313,Shel,Bodley,sbodley8o@a8.net,Female,710-173-2451,Baumbach LLC
314,Cyril,Sermin,csermin8p@aol.com,Male,667-393-0285,Marquardt Group
315,Richart,Biggs,rbiggs8q@go.com,Male,973-862-8856,Grimes-Shanahan
316,Titus,Giacomasso,tgiacomasso8r@forbes.com,Male,536-104-2932,Mante LLC
317,Olin,Ramsay,oramsay8s@gov.uk,Male,634-713-7147,Hilll Group
318,Caspar,Holborn,cholborn8t@shop-pro.jp,Male,228-515-7676,"Roob, Shields and Kuvalis"
319,Brietta,Woolbrook,bwoolbrook8u@foxnews.com,Female,110-400-4586,Kilback-Prosacco
320,Cullen,Vogl,cvogl8v@hostgator.com,Male,929-715-1927,"Hansen, Langosh and Stokes"
321,Mead,Daubney,mdaubney8w@slashdot.org,Male,744-944-3650,Prosacco-Mueller
322,Maybelle,Romaynes,mromaynes8x@utexas.edu,Female,813-192-9061,"Farrell, Goldner and Kutch"
323,Ivett,Spanswick,ispanswick8y@cbslocal.com,Female,590-780-1945,Emmerich-Doyle
324,Grete,Flecknell,gflecknell8z@digg.com,Female,176-645-7178,Mante Inc
325,Earle,Heymes,eheymes90@nih.gov,Male,349-767-2600,Schuppe-Gerhold
326,Ricardo,Draxford,rdraxford91@digg.com,Male,592-390-6076,Monahan-Ondricka
327,Horace,Feige,hfeige92@sciencedirect.com,Male,286-488-5211,Reilly and Sons
328,Thalia,Karchowski,tkarchowski93@bluehost.com,Female,607-785-5897,"King, Schiller and Upton"
329,Lacey,Maxwaile,lmaxwaile94@google.com,Female,374-458-5239,"Trantow, Wintheiser and Olson"
330,Mariette,Acarson,macarson95@ftc.gov,Female,815-749-2695,"Balistreri, Rolfson and Muller"
331,Husain,Dorward,hdorward96@storify.com,Genderfluid,550-970-6481,Schneider LLC
332,Barr,Davers,bdavers97@merriam-webster.com,Male,327-199-3112,"Strosin, Parker and Barrows"
333,Netta,Catt,ncatt98@instagram.com,Female,767-395-9389,Bahringer Group
334,Frankie,Kembery,fkembery99@noaa.gov,Male,765-143-7416,"Turner, Schamberger and Hauck"
335,Hedvige,le Keux,hlekeux9a@latimes.com,Female,489-887-5895,"Blick, Johnston and Hamill"
336,Aylmar,Primo,aprimo9b@abc.net.au,Male,869-883-7470,Runte-Gulgowski
337,Pearce,Surgenor,psurgenor9c@liveinternet.ru,Male,774-478-9003,Roberts Group
338,Wylie,Flatt,wflatt9d@ow.ly,Male,135-951-1082,Ferry-Hills
339,Brook,Brabben,bbrabben9e@list-manage.com,Male,203-325-3372,Kovacek-Koelpin
340,Juanita,Taillard,jtaillard9f@example.com,Female,581-191-4621,Smitham and Sons
341,Janetta,Bazelle,jbazelle9g@moonfruit.com,Female,483-394-5387,Reilly LLC
342,Josh,Capewell,jcapewell9h@networksolutions.com,Male,397-894-6598,Glover-Buckridge
343,Bertrand,O'Shevlan,boshevlan9i@gravatar.com,Male,713-906-7588,Bins and Sons
344,Weylin,Gammack,wgammack9j@aol.com,Male,923-874-6962,Murphy-Morissette
345,Rosamond,Anneslie,ranneslie9k@irs.gov,Female,301-379-4565,"Moore, Greenfelder and Brakus"
346,Maddie,Retchless,mretchless9l@geocities.com,Female,442-842-7488,Herman-Flatley
347,Kellina,Lambourne,klambourne9m@1und1.de,Female,789-926-2633,"Padberg, Lind and Sipes"
348,Lorant,Mouncher,lmouncher9n@umn.edu,Male,537-591-9816,Simonis and Sons
349,Dulciana,Chantree,dchantree9o@goo.ne.jp,Female,622-993-7999,Cummerata-Cruickshank
350,Agretha,Quemby,aquemby9p@123-reg.co.uk,Genderqueer,347-715-5232,Nienow Group
351,Gerrard,Quarterman,gquarterman9q@mysql.com,Male,444-936-2105,Rohan-Runte
352,Lucita,Oven,loven9r@360.cn,Female,213-930-9721,"Jerde, Murphy and Weber"
353,Alvan,Durtnall,adurtnall9s@usnews.com,Male,916-971-9971,O'Kon-Stanton
354,Tamas,Scrammage,tscrammage9t@umn.edu,Bigender,167-936-0001,Johnson and Sons
355,Joel,Cassidy,jcassidy9u@mayoclinic.com,Agender,290-335-6470,Goodwin-Collier
356,Alexandro,Keitch,akeitch9v@blinklist.com,Male,171-447-3671,"O'Kon, O'Conner and Jacobi"
357,Web,Piche,wpiche9w@tiny.cc,Male,425-447-6959,Kunde Group
358,Camille,Aysh,caysh9x@vinaora.com,Female,852-295-5112,"Rau, McKenzie and Herman"
359,Austin,Dalinder,adalinder9y@microsoft.com,Male,528-917-8232,Labadie Group
360,Jamaal,McCullouch,jmccullouch9z@timesonline.co.uk,Male,157-536-6056,"Funk, Sanford and Hilpert"
361,Devon,Pantlin,dpantlina0@china.com.cn,Female,363-685-7380,Hills LLC
362,Hale,Mallender,hmallendera1@ameblo.jp,Male,942-838-3339,Cassin-Romaguera
363,Emmy,Gumbley,egumbleya2@umn.edu,Female,304-198-2223,"Bruen, Marvin and Marks"
364,Dewain,Lante,dlantea3@vk.com,Male,152-143-8584,"Stanton, Koelpin and Beahan"
365,Son,Zamora,szamoraa4@flickr.com,Non-binary,985-625-8292,Hessel-Sawayn
366,Christoper,Greveson,cgrevesona5@mozilla.com,Male,624-912-6201,Gibson-Kessler
367,Arnaldo,Ivashintsov,aivashintsova6@miitbeian.gov.cn,Male,520-823-0517,Langworth-Mann
368,Ashli,Reck,arecka7@over-blog.com,Female,851-358-3994,"Schaden, Bode and Reichel"
369,Angelika,Coe,acoea8@bbb.org,Female,847-742-1610,Conroy and Sons
370,Finlay,Bradley,fbradleya9@hc360.com,Male,244-650-3378,Gulgowski and Sons
371,Werner,Dallicott,wdallicottaa@creativecommons.org,Male,744-609-1964,Bashirian LLC
372,Dinnie,Whillock,dwhillockab@webmd.com,Female,867-472-0411,Glover Inc
373,Connie,Wraight,cwraightac@moonfruit.com,Polygender,691-610-2501,"Abbott, Hoppe and Labadie"
374,Giselbert,Klaessen,gklaessenad@topsy.com,Male,125-800-5865,Bogisich LLC
375,Joell,O' Donohue,jodonohueae@topsy.com,Female,967-332-9458,Konopelski Group
376,Roldan,Shinefield,rshinefieldaf@amazon.co.uk,Male,365-220-0733,Barton LLC
377,Nobie,Clemits,nclemitsag@biglobe.ne.jp,Male,590-244-2141,Hyatt-Howell
378,Cedric,Drane,cdraneah@rakuten.co.jp,Male,640-159-4671,Kilback-Lemke
379,Cornelius,Vanezis,cvanezisai@tamu.edu,Male,692-727-0668,"Mante, Stroman and Tremblay"
380,Grier,Mainson,gmainsonaj@senate.gov,Female,407-318-7779,"Gottlieb, Waters and Powlowski"
381,Egor,Carous,ecarousak@issuu.com,Male,808-265-1120,Fay-McDermott
382,Tamra,Jenteau,tjenteaual@prlog.org,Female,153-839-0075,Hermiston Inc
383,Dru,Wilding,dwildingam@sitemeter.com,Male,571-594-5792,"Block, Sauer and Price"
384,Lark,Gosnall,lgosnallan@dyndns.org,Female,595-651-0685,Konopelski-Robel
385,Gretal,Eddicott,geddicottao@g.co,Female,852-255-4422,Thompson-Anderson
386,Harriet,Corrigan,hcorriganap@creativecommons.org,Female,885-888-1739,Monahan-Hahn
387,Georgiana,Newvell,gnewvellaq@cpanel.net,Non-binary,989-697-6091,"Raynor, Olson and Osinski"
388,Jordon,Rivett,jrivettar@yelp.com,Male,162-577-7404,Donnelly-Gleichner
389,Tina,Kleiner,tkleineras@state.gov,Female,223-903-6401,"Parisian, Blick and Cruickshank"
390,Natty,Alexis,nalexisat@pagesperso-orange.fr,Female,638-125-5558,Tromp LLC
391,Gnni,Ashbrook,gashbrookau@friendfeed.com,Female,370-284-9263,Heller Group
392,Marian,Pashley,mpashleyav@foxnews.com,Female,573-463-3347,Schuster-Hagenes
393,Teodorico,Solomon,tsolomonaw@123-reg.co.uk,Male,872-993-1318,"Moore, Botsford and Turner"
394,Liva,Burnage,lburnageax@creativecommons.org,Female,233-923-6288,Wyman Inc
395,Birk,Allardyce,ballardyceay@reuters.com,Male,759-231-8685,"Cronin, Fisher and Wyman"
396,Valery,Fintoph,vfintophaz@shareasale.com,Female,855-228-0468,Considine-Fahey
397,Neel,Gouck,ngouckb0@usatoday.com,Male,691-602-4112,Fadel Group
398,Raynell,Duckitt,rduckittb1@sun.com,Female,162-471-4707,"Spinka, Kub and Schroeder"
399,Stanly,Pantone,spantoneb2@ft.com,Male,879-792-8290,"Cronin, Koss and Abbott"
400,Jacintha,Varian,jvarianb3@mayoclinic.com,Female,708-484-1437,"Renner, Lynch and Schroeder"
401,Garnet,Chaplyn,gchaplynb4@oracle.com,Female,539-961-3359,Schumm-Stanton
402,Jeffrey,Sapson,jsapsonb5@sphinn.com,Male,405-372-3936,Denesik-Botsford
403,Sloane,Cordeiro,scordeirob6@about.me,Male,867-772-1785,Anderson-Hessel
404,Kristel,Bulfoy,kbulfoyb7@irs.gov,Female,925-443-8117,Kerluke-Lesch
405,Gwenny,Vowells,gvowellsb8@de.vu,Genderqueer,228-667-5432,"Douglas, Moen and Gleason"
406,Hilly,Filipovic,hfilipovicb9@friendfeed.com,Male,840-539-1229,"Wolff, Ruecker and Kiehn"
407,Kaitlyn,Riveles,krivelesba@xinhuanet.com,Female,144-467-4647,Batz Group
408,Hallsy,Longland,hlonglandbb@skyrock.com,Non-binary,436-557-9776,Haley-Fay
409,Eduino,Abadam,eabadambc@cocolog-nifty.com,Male,915-860-0425,"Kihn, Deckow and Jones"
410,Zerk,Bate,zbatebd@360.cn,Male,818-738-0923,Towne Inc
411,Bradford,Chicchelli,bchicchellibe@telegraph.co.uk,Male,899-438-6098,"Pollich, Yost and Turcotte"
412,Prinz,Bittany,pbittanybf@purevolume.com,Non-binary,785-581-7867,Hermann and Sons
413,Auberon,Odd,aoddbg@tmall.com,Male,550-811-8557,Nitzsche and Sons
414,Jehanna,Leghorn,jleghornbh@naver.com,Female,655-890-0157,Shields-Kuphal
415,Ingelbert,MacRirie,imacririebi@hibu.com,Male,464-555-2208,"Windler, DuBuque and Cole"
416,Gilbertine,Spick,gspickbj@creativecommons.org,Female,517-781-1420,"Mertz, Lemke and Schaefer"
417,Gothart,Thody,gthodybk@newsvine.com,Non-binary,914-512-2503,Parker-Turner
418,Thornton,Fearnley,tfearnleybl@miibeian.gov.cn,Male,737-533-7687,Turcotte-Altenwerth
419,Hebert,Tame,htamebm@walmart.com,Male,374-221-9889,Rice-Kuhic
420,Kary,Barthelemy,kbarthelemybn@opensource.org,Female,965-548-4265,Auer LLC
421,Jeromy,Mulhall,jmulhallbo@bluehost.com,Male,486-719-2845,Schuppe-Gibson
422,Ricardo,Hildred,rhildredbp@skype.com,Male,166-921-6926,Corkery-Kertzmann
423,Barty,Haslum,bhaslumbq@topsy.com,Male,229-418-3775,Brakus-Denesik
424,Othella,Ladlow,oladlowbr@huffingtonpost.com,Female,977-385-7239,"Macejkovic, Wisozk and Fisher"
425,Kellsie,Souza,ksouzabs@kickstarter.com,Female,388-370-4109,"Hayes, Tromp and Heathcote"
426,Ryann,Forcade,rforcadebt@webnode.com,Female,996-484-4813,"Kilback, Lubowitz and Shanahan"
427,Sonni,Nicholl,snichollbu@mapquest.com,Female,197-827-4277,Rowe Inc
428,Morly,Ebbs,mebbsbv@businesswire.com,Male,382-834-2509,Krajcik-Brakus
429,Waylin,Rout,wroutbw@ca.gov,Male,573-493-9780,Ankunding-Rau
430,Karlis,Gong,kgongbx@umich.edu,Male,330-506-5295,Hettinger LLC
431,Martin,Shimmin,mshimminby@engadget.com,Male,809-461-7882,Welch-Greenfelder
432,Rory,Danihel,rdanihelbz@slate.com,Non-binary,668-907-2084,Bashirian-Lemke
433,Hildegaard,Faulconer,hfaulconerc0@disqus.com,Female,247-640-3854,Corwin-Jerde
434,Nariko,Bletso,nbletsoc1@github.io,Female,143-311-5712,Hagenes-Fritsch
435,Simonette,Boniface,sbonifacec2@baidu.com,Female,145-928-5898,Rosenbaum and Sons
436,Brit,Haydney,bhaydneyc3@youtube.com,Male,144-850-0861,Bahringer-Franecki
437,Cyril,Girdlestone,cgirdlestonec4@netscape.com,Male,363-692-1163,Volkman-Swaniawski
438,Harmony,Denson,hdensonc5@instagram.com,Female,229-256-8719,Jerde Group
439,Willabella,Ettles,wettlesc6@ft.com,Female,187-243-4160,McCullough Inc
440,Marne,Maraga,mmaragac7@sciencedaily.com,Female,768-114-1413,Kulas LLC
441,Ralina,Sagg,rsaggc8@google.co.jp,Genderqueer,990-305-9046,Harvey-Schmitt
442,Brig,Stokey,bstokeyc9@nyu.edu,Male,971-662-5302,Waters-Dach
443,Rozamond,Radnage,rradnageca@facebook.com,Female,143-205-4037,"Fadel, Hamill and Kshlerin"
444,Magnum,Sidworth,msidworthcb@who.int,Male,689-539-3438,"Davis, Kirlin and Mayert"
445,Trev,Horney,thorneycc@cnbc.com,Male,307-852-7548,"Dibbert, Huels and Vandervort"
446,Trip,Daysh,tdayshcd@taobao.com,Male,364-711-2072,Schulist and Sons
447,Parker,Jopson,pjopsonce@hubpages.com,Non-binary,382-862-4284,"Kshlerin, Collier and Bartell"
448,Caryl,Kiddye,ckiddyecf@mayoclinic.com,Female,878-112-9554,O'Hara Group
449,Morganica,Bitchener,mbitchenercg@nationalgeographic.com,Female,477-528-8319,Keebler-Larson
450,Eustace,Kuschke,ekuschkech@webmd.com,Male,303-367-1569,Gislason LLC
451,Sigismundo,Patten,spattenci@seattletimes.com,Male,518-270-0329,Heaney-O'Connell
452,Dawna,Eicke,deickecj@amazonaws.com,Female,968-345-8686,Olson Group
453,Carlynn,Keenan,ckeenanck@sohu.com,Female,165-393-1535,Jenkins-Stark
454,Ariela,Rival,arivalcl@cbsnews.com,Genderqueer,564-315-5611,Keebler LLC
455,Luise,Cruwys,lcruwyscm@cdc.gov,Female,298-185-4287,Leannon Inc
456,Woody,Goundsy,wgoundsycn@mac.com,Male,333-897-7964,Turner-Raynor
457,Marcia,Newiss,mnewissco@deliciousdays.com,Female,992-715-9194,Ledner Inc
458,Madella,Sambles,msamblescp@twitpic.com,Female,190-963-7049,"Smith, Adams and Funk"
459,Leshia,Van Weedenburg,lvanweedenburgcq@shutterfly.com,Female,497-811-0309,"Emmerich, Goodwin and Effertz"
460,Addison,Hatto,ahattocr@nydailynews.com,Male,552-295-7426,"Schumm, Labadie and Larson"
461,Cori,Lagden,clagdencs@hud.gov,Male,239-966-7333,"Osinski, Hoppe and Jakubowski"
462,Marillin,McTear,mmctearct@soundcloud.com,Female,564-519-4195,"Aufderhar, Cartwright and Boehm"
463,Krissy,Tremelling,ktremellingcu@reverbnation.com,Female,292-837-7120,"Schmeler, Brakus and Stroman"
464,Grissel,Kearton,gkeartoncv@ox.ac.uk,Female,799-223-0849,Beatty LLC
465,Fabe,Vasovic,fvasoviccw@blog.com,Male,848-419-1613,Mraz-Konopelski
466,Renell,McElvine,rmcelvinecx@drupal.org,Female,974-189-1425,Schmeler-Schamberger
467,Gunter,Johanssen,gjohanssency@pinterest.com,Male,963-436-4647,"Daugherty, Hudson and Wilderman"
468,Howard,Mallord,hmallordcz@hc360.com,Male,113-784-5379,"Bergnaum, Mayert and Breitenberg"
469,Franny,Kiddye,fkiddyed0@omniture.com,Female,525-966-1022,Schiller Group
470,Anitra,Pimer,apimerd1@nih.gov,Female,670-582-1937,"McLaughlin, Gerlach and Zulauf"
471,Jacky,Westhoff,jwesthoffd2@weebly.com,Female,292-589-6685,Champlin Inc
472,Orsa,Ramard,oramardd3@redcross.org,Female,477-390-9868,Toy-Altenwerth
473,Wade,Molian,wmoliand4@godaddy.com,Male,505-545-0070,Ruecker LLC
474,Leigha,Jorgesen,ljorgesend5@pen.io,Female,260-922-8852,Rutherford Inc
475,Jarred,O'Growgane,jogrowganed6@dedecms.com,Non-binary,234-831-0771,Sauer LLC
476,Issy,Lansley,ilansleyd7@cpanel.net,Female,162-641-6070,Homenick and Sons
477,Bradan,Thomassen,bthomassend8@msu.edu,Male,199-861-4838,Beahan Group
478,Nellie,Mixhel,nmixheld9@ox.ac.uk,Female,926-213-0401,Dooley-Zulauf
479,Pattie,Veeler,pveelerda@auda.org.au,Agender,891-551-3288,Paucek-Ortiz
480,Kerwin,Abramchik,kabramchikdb@shutterfly.com,Male,790-362-8442,"Senger, Dooley and Bruen"
481,Shanan,Tallyn,stallyndc@google.fr,Male,674-266-5067,"Mann, Lakin and King"
482,Jillie,Sleeman,jsleemandd@cocolog-nifty.com,Female,306-277-8945,"Witting, Donnelly and Hintz"
483,Marieann,Perot,mperotde@berkeley.edu,Female,892-500-2023,Price and Sons
484,Grant,Doyley,gdoyleydf@skype.com,Male,688-983-5635,Mertz Group
485,Mariejeanne,Giurio,mgiuriodg@hp.com,Female,395-946-1136,Romaguera Inc
486,Niall,Ballaam,nballaamdh@icio.us,Male,927-294-5545,"Fay, Jerde and Keebler"
487,Enos,Gheorghescu,egheorghescudi@chicagotribune.com,Male,918-790-6391,"Murray, Zieme and Larkin"
488,Guthry,Diver,gdiverdj@apple.com,Male,338-267-3431,Hudson-Cummings
489,Brigham,Hazart,bhazartdk@webmd.com,Male,647-749-4342,"Gerhold, Hessel and Powlowski"
490,Kellie,Shiliton,kshilitondl@smh.com.au,Female,725-524-1286,"Wehner, Brown and Gorczany"
491,Corine,Lomb,clombdm@surveymonkey.com,Female,161-574-5426,"Lockman, Stiedemann and Thiel"
492,Ethel,Gannon,egannondn@google.pl,Genderfluid,696-421-7267,"Torphy, Hauck and Emard"
493,Pietrek,Roxburgh,proxburghdo@g.co,Genderfluid,116-718-3883,"Schamberger, Fahey and Nienow"
494,Wilfrid,Molineux,wmolineuxdp@addthis.com,Male,355-195-4241,Kreiger Group
495,Lyn,McClure,lmccluredq@examiner.com,Genderqueer,731-605-5586,Gleichner LLC
496,Cly,Townsley,ctownsleydr@sciencedaily.com,Male,559-416-2218,"Runolfsdottir, Senger and Stiedemann"
497,Warden,O'Kinneally,wokinneallyds@techcrunch.com,Male,731-780-5185,Streich-Hettinger
498,Shelby,McGuffie,smcguffiedt@miibeian.gov.cn,Female,571-759-6448,"D'Amore, Effertz and Nitzsche"
499,Fran,Scare,fscaredu@cbc.ca,Female,123-745-9396,Brekke-Durgan
500,Tedda,Lamond,tlamonddv@hubpages.com,Female,799-151-1992,Kertzmann Group
501,Amity,Robel,arobeldw@hostgator.com,Female,944-835-4434,Tremblay and Sons
502,Anett,Probat,aprobatdx@yelp.com,Genderfluid,578-938-6569,"O'Keefe, Harris and McDermott"
503,Nickie,Corrington,ncorringtondy@wix.com,Female,207-372-0608,Schowalter-Larson
504,Sindee,Dampier,sdampierdz@i2i.jp,Female,212-943-7975,"Dicki, Bernhard and Deckow"
505,Ransell,Kennewell,rkennewelle0@cdc.gov,Male,915-159-3817,Leuschke-Barton
506,Reena,Chomiszewski,rchomiszewskie1@youtube.com,Female,289-710-9074,Rath-Upton
507,Melody,Day,mdaye2@is.gd,Female,332-842-3823,Wilderman-Rau
508,Elisabeth,Feehely,efeehelye3@eepurl.com,Female,438-724-0144,"Jones, Jerde and Bernhard"
509,Katharine,Huelin,khueline4@marriott.com,Female,484-635-8139,Johns Group
510,Else,Stratiff,estratiffe5@netvibes.com,Female,638-728-2662,Boyle-Lang
511,Way,Dreakin,wdreakine6@free.fr,Non-binary,323-956-6185,Huels and Sons
512,Zack,Scotchforth,zscotchforthe7@nba.com,Non-binary,671-422-9431,Daniel Group
513,Dorri,Durbann,ddurbanne8@senate.gov,Bigender,390-439-1419,Watsica LLC
514,Mommy,Plimmer,mplimmere9@vimeo.com,Female,277-398-3033,Kreiger-Gleichner
515,Emlen,Le Marchand,elemarchandea@feedburner.com,Genderfluid,966-878-7215,"Kreiger, Williamson and Funk"
516,Willdon,Comley,wcomleyeb@miitbeian.gov.cn,Male,363-532-7831,"Greenfelder, Mertz and Schumm"
517,Levin,Blaydon,lblaydonec@virginia.edu,Male,253-781-2377,Upton and Sons
518,Magdalen,Rhead,mrheaded@nydailynews.com,Female,170-456-9614,Wolf Inc
519,Brittne,Fishwick,bfishwickee@bizjournals.com,Female,572-925-0287,Streich-Wintheiser
520,Meir,Pickburn,mpickburnef@pagesperso-orange.fr,Male,883-951-6976,"Kub, Pagac and O'Reilly"
521,Fianna,Fryman,ffrymaneg@craigslist.org,Female,241-281-8486,McGlynn Inc
522,Nanete,Salmoni,nsalmonieh@ycombinator.com,Female,677-298-0133,"Treutel, Gottlieb and Terry"
523,Sidoney,Radwell,sradwellei@jiathis.com,Female,733-453-6651,"Von, Lind and Ruecker"
524,Siana,Renzo,srenzoej@scientificamerican.com,Non-binary,282-405-9581,Mills Group
525,Wadsworth,Barensen,wbarensenek@ed.gov,Male,960-286-5398,Schulist Group
526,Rolland,Chipperfield,rchipperfieldel@blogspot.com,Male,174-537-2514,"Beer, Altenwerth and MacGyver"
527,Ronda,Ramelot,rramelotem@jimdo.com,Female,573-506-0920,Hermann-Swaniawski
528,Kirsti,Hollyer,khollyeren@skyrock.com,Female,865-434-1319,Considine Inc
529,Evangelina,Tofanini,etofaninieo@businesswire.com,Female,219-307-7945,Dare-Sanford
530,Fonz,Baudasso,fbaudassoep@dropbox.com,Agender,986-112-2457,"Conroy, Hintz and Hayes"
531,Bendick,Inglese,bingleseeq@ibm.com,Male,660-421-8957,"Wisozk, Little and Heidenreich"
532,Olvan,Ritmeier,oritmeierer@usnews.com,Male,196-801-0027,"Muller, Kuhn and Herzog"
533,Idalina,Muccino,imuccinoes@sun.com,Female,272-640-1432,Blick LLC
534,Guillemette,Riccard,griccardet@engadget.com,Female,229-785-6313,Dietrich-Schuppe
535,Jennie,Buey,jbueyeu@home.pl,Female,799-470-2499,Reichert Group
536,Burty,Blanchette,bblanchetteev@lulu.com,Male,365-616-0412,Schaden-Abbott
537,Patrizio,Breinlein,pbreinleinew@cbslocal.com,Male,464-978-6130,"Miller, Dibbert and Schoen"
538,Cameron,Purdy,cpurdyex@eepurl.com,Genderfluid,909-346-5692,Morar-Adams
539,Isaiah,Lorkin,ilorkiney@addtoany.com,Male,683-491-6611,Marks Group
540,Tracy,Notton,tnottonez@buzzfeed.com,Female,818-445-6685,Vandervort-Sporer
541,Cecil,Scoble,cscoblef0@meetup.com,Male,249-973-8806,Buckridge-Ullrich
542,Darcee,Aumerle,daumerlef1@eepurl.com,Female,422-676-6135,"Streich, Dickinson and Hermiston"
543,Claiborn,Lainge,claingef2@networksolutions.com,Male,919-327-1034,Doyle Inc
544,Anallese,Sheldon,asheldonf3@pinterest.com,Genderqueer,327-527-5599,Bahringer-Mills
545,Tybie,Roget,trogetf4@jimdo.com,Female,909-235-2293,Murray Group
546,Starlene,Summerson,ssummersonf5@reverbnation.com,Female,501-304-1919,"Terry, Berge and Beer"
547,Grantham,Carrel,gcarrelf6@constantcontact.com,Male,123-737-9771,"Bruen, Tremblay and Lockman"
548,Nicola,Haselden,nhaseldenf7@nyu.edu,Female,536-305-0032,Altenwerth-Welch
549,Guenna,Hayhoe,ghayhoef8@yelp.com,Female,339-741-7365,Kunde and Sons
550,Lewiss,Scholling,lschollingf9@amazon.com,Male,160-628-8047,Bailey-Balistreri
551,Alanson,Osbourne,aosbournefa@ehow.com,Male,377-264-4345,Pacocha and Sons
552,Tarrance,Holywell,tholywellfb@yellowpages.com,Male,328-536-4305,"Langworth, Yost and Stroman"
553,Ollie,Stolworthy,ostolworthyfc@virginia.edu,Male,205-987-4559,"Dach, Fahey and Reinger"
554,Davine,Killingbeck,dkillingbeckfd@bravesites.com,Female,634-864-1897,"Bashirian, Baumbach and Bruen"
555,Renault,Groome,rgroomefe@go.com,Polygender,635-567-3321,Haley and Sons
556,Friedrick,Davidofski,fdavidofskiff@house.gov,Male,789-750-7279,"Roberts, Kassulke and Christiansen"
557,Rollin,Caplan,rcaplanfg@de.vu,Male,968-589-8126,Feest Group
558,Theodoric,Heminsley,theminsleyfh@elpais.com,Male,159-617-8901,"Barrows, Cummings and Jones"
559,Clarissa,Flaune,cflaunefi@behance.net,Female,645-206-3754,"Hahn, Hermiston and Quitzon"
560,Maurizio,Piell,mpiellfj@redcross.org,Male,349-772-6059,"Kautzer, Stroman and Boyle"
561,Caryl,Pinkie,cpinkiefk@lulu.com,Female,449-943-8299,"Langworth, Hauck and Sanford"
562,Quinn,Olligan,qolliganfl@icq.com,Female,686-636-7447,Ward-O'Hara
563,Rick,Choake,rchoakefm@i2i.jp,Male,343-536-0622,"Cruickshank, Labadie and Ratke"
564,Teodora,Genthner,tgenthnerfn@tmall.com,Female,671-730-3849,VonRueden-Collins
565,Lucius,Galero,lgalerofo@cornell.edu,Male,389-407-3071,Mann-Gorczany
566,Irena,Philpot,iphilpotfp@nyu.edu,Female,557-489-5505,"Parisian, Nolan and Koss"
567,Chrotoem,Stickney,cstickneyfq@merriam-webster.com,Male,268-898-8368,"Kohler, Bashirian and Veum"
568,Fredia,Presho,fpreshofr@marriott.com,Female,851-499-4343,Raynor-Hirthe
569,Tudor,Morrid,tmorridfs@senate.gov,Male,959-172-9555,Dach Group
570,Vinny,Walklate,vwalklateft@tiny.cc,Male,356-449-9281,Schowalter and Sons
571,Robbyn,Romayne,rromaynefu@japanpost.jp,Female,573-344-2597,Morar LLC
572,Tera,Bramall,tbramallfv@arstechnica.com,Female,910-962-0178,"Dare, Lehner and Corkery"
573,Cory,Mumberson,cmumbersonfw@cisco.com,Female,359-766-5299,Herzog-Roob
574,Mickie,Pennuzzi,mpennuzzifx@freewebs.com,Female,972-643-0222,Renner Group
575,Delinda,Hurdwell,dhurdwellfy@bbc.co.uk,Female,175-415-8079,Mitchell Group
576,Kip,Burgoine,kburgoinefz@slashdot.org,Female,287-194-3228,Kuhic LLC
577,Hollyanne,Ericsson,hericssong0@bloglovin.com,Female,454-713-9777,"Mitchell, Hilpert and Kessler"
578,Nicky,Caseborne,ncaseborneg1@gmpg.org,Male,629-608-3868,Pagac and Sons
579,Neille,Baress,nbaressg2@weebly.com,Female,225-491-0468,"Howell, Boyle and Conroy"
580,Theodora,Keme,tkemeg3@flickr.com,Female,319-232-7857,"Okuneva, King and Koch"
581,Bogart,McCathay,bmccathayg4@cpanel.net,Male,918-556-6009,Fritsch-Hahn
582,Eldredge,Pruvost,epruvostg5@blogs.com,Male,163-229-6094,"Cronin, Kuhic and White"
583,Ashlin,Gude,agudeg6@stanford.edu,Male,122-525-1354,Metz-Champlin
584,Mason,Gelderd,mgelderdg7@fotki.com,Male,163-904-7126,Flatley-Langworth
585,Kasper,Letherbury,kletherburyg8@technorati.com,Non-binary,522-407-4529,Bauch LLC
586,Sax,Chinge de Hals,schingedehalsg9@marketwatch.com,Male,834-145-6371,"Abbott, Runte and Trantow"
587,Ange,Maddison,amaddisonga@cisco.com,Non-binary,348-556-5277,Stamm LLC
588,Foss,Clemas,fclemasgb@wordpress.com,Male,507-577-4050,Swift-Huels
589,Darelle,Paramore,dparamoregc@wikia.com,Female,103-343-6627,"Corwin, Koss and Graham"
590,Claudian,Mumford,cmumfordgd@mysql.com,Male,616-286-9266,Bauch-Wunsch
591,Sheridan,Emma,semmage@g.co,Male,121-537-5129,Schroeder LLC
592,Jenda,Castellucci,jcastelluccigf@paypal.com,Polygender,370-646-0212,"Dicki, Blick and Yundt"
593,Diandra,Hawksby,dhawksbygg@arizona.edu,Female,140-348-7825,Homenick-Ortiz
594,Gretta,Bruckstein,gbrucksteingh@hostgator.com,Female,754-221-3314,Champlin Inc
595,Lorain,Yates,lyatesgi@parallels.com,Female,390-582-1593,Kutch-Heidenreich
596,Reynold,Guion,rguiongj@pagesperso-orange.fr,Male,460-788-6866,"Kutch, Smith and Kuhlman"
597,Giorgio,Crosseland,gcrosselandgk@admin.ch,Male,352-754-7752,Wunsch Group
598,Garret,Cruise,gcruisegl@yale.edu,Male,324-525-8899,Purdy Group
599,Josee,Renachowski,jrenachowskigm@diigo.com,Female,754-623-8250,Hoeger-Zboncak
600,Milka,Dorgan,mdorgangn@google.it,Female,291-991-7857,Schimmel LLC
601,Tab,Kulvear,tkulveargo@washingtonpost.com,Genderfluid,751-279-6850,Connelly LLC
602,Lindie,Noice,lnoicegp@so-net.ne.jp,Female,290-464-8136,Murphy-Wunsch
603,Dollie,Quogan,dquogangq@rakuten.co.jp,Female,807-118-4960,Weissnat-Cummings
604,Celinda,Petrakov,cpetrakovgr@jalbum.net,Female,557-243-7781,Rohan and Sons
605,Cody,Wolfers,cwolfersgs@dedecms.com,Female,314-261-3639,Rau Group
606,Louisette,Coneley,lconeleygt@mapquest.com,Genderqueer,609-844-6842,Labadie-Ullrich
607,Peyton,Delacroux,pdelacrouxgu@comcast.net,Male,138-433-9907,"Barrows, O'Kon and Bauch"
608,Joaquin,Blakeston,jblakestongv@diigo.com,Male,231-918-3286,Murazik LLC
609,Elvis,Deal,edealgw@issuu.com,Male,706-159-7746,Koch and Sons
610,Parker,Poli,ppoligx@usda.gov,Male,885-213-8945,Moen Group
611,Valli,Cahey,vcaheygy@mediafire.com,Female,430-430-7982,"Bailey, Stanton and Veum"
612,Zorana,Parr,zparrgz@bing.com,Female,393-414-8932,Hyatt-Lind
613,Allix,Kissack,akissackh0@usa.gov,Female,397-209-7990,"Baumbach, Moore and Parisian"
614,Cyndy,Dreng,cdrengh1@nyu.edu,Female,393-916-3009,Effertz-McGlynn
615,Quincy,Bonn,qbonnh2@php.net,Male,541-358-9449,"Auer, Wisozk and Kihn"
616,Marice,Balazin,mbalazinh3@oaic.gov.au,Female,313-169-7904,West-Welch
617,Leroy,Mechic,lmechich4@yelp.com,Male,317-774-3885,Ruecker-Thompson
618,Bastian,Trafford,btraffordh5@walmart.com,Male,437-355-6172,Greenholt-Emard
619,Brent,MacShirrie,bmacshirrieh6@fotki.com,Male,940-682-8421,Feil LLC
620,Sayer,Maccaig,smaccaigh7@ucsd.edu,Male,379-436-9836,Corwin-Rath
621,Audre,Gration,agrationh8@nature.com,Female,902-755-5388,"Tillman, Orn and Lakin"
622,Bobbie,Philippson,bphilippsonh9@cornell.edu,Female,979-685-5508,Lindgren-O'Connell
623,Ailyn,Leathe,aleatheha@google.com.au,Female,779-463-0692,"Steuber, Towne and Adams"
624,Adelaide,Petroff,apetroffhb@e-recht24.de,Non-binary,923-898-3793,Bins-Zulauf
625,Marji,Cartner,mcartnerhc@addthis.com,Female,278-523-8998,Reinger Group
626,Lewie,Bleything,lbleythinghd@house.gov,Male,356-813-9529,Armstrong-Gerhold
627,Massimiliano,Shemelt,mshemelthe@shutterfly.com,Non-binary,533-933-3567,Mayert-Wisoky
628,Olympe,Rouzet,orouzethf@mozilla.com,Female,225-423-2545,"Davis, Turner and Kohler"
629,Adham,Brugden,abrugdenhg@senate.gov,Male,250-846-3997,Streich and Sons
630,Benetta,Gawthrop,bgawthrophh@amazon.com,Female,578-823-1156,Sanford-Friesen
631,Ethe,Biagini,ebiaginihi@macromedia.com,Male,927-808-5444,"Quitzon, Herzog and Bergnaum"
632,Nikolia,Mallaby,nmallabyhj@de.vu,Female,632-443-3488,Lakin-Weimann
633,Jacquelin,Ziemens,jziemenshk@slashdot.org,Female,191-681-0483,Gerhold-Durgan
634,Orella,Ringe,oringehl@imdb.com,Agender,313-465-6894,"Considine, Schiller and Wisoky"
635,Demetris,Wessel,dwesselhm@desdev.cn,Male,183-548-2571,"Reinger, Klocko and Weissnat"
636,Julita,Sandlin,jsandlinhn@ocn.ne.jp,Female,283-904-6168,Von LLC
637,Terry,Luxmoore,tluxmooreho@51.la,Male,751-186-9657,Predovic-Abernathy
638,Vanny,de Leon,vdeleonhp@europa.eu,Female,522-975-1570,Stracke-Schroeder
639,Prissie,Jozefczak,pjozefczakhq@reddit.com,Genderqueer,615-197-8855,Nikolaus-Mohr
640,Joyann,Nutbean,jnutbeanhr@ibm.com,Female,200-922-0608,Kub-Fritsch
641,Bibby,Hum,bhumhs@miitbeian.gov.cn,Female,136-379-8604,Hudson-O'Conner
642,Tucky,Tosh,ttoshht@bloglines.com,Male,450-715-4676,Fahey-Hagenes
643,Drucy,Dowdell,ddowdellhu@geocities.com,Female,124-250-3808,"Gibson, Kassulke and Brown"
644,Julita,Benwell,jbenwellhv@booking.com,Female,597-270-3246,"Bartoletti, Ryan and Padberg"
645,Camey,Berwick,cberwickhw@topsy.com,Male,323-831-4086,Lebsack-Legros
646,Toddie,Tames,ttameshx@xrea.com,Male,632-272-8294,Nitzsche LLC
647,Padriac,Celloni,pcellonihy@springer.com,Male,736-406-4048,Volkman-Gutkowski
648,Kimmy,Phebey,kphebeyhz@slideshare.net,Female,192-982-9502,Grimes Group
649,Bidget,Jelfs,bjelfsi0@dell.com,Polygender,579-222-3232,Daugherty-Nikolaus
650,Muffin,Polding,mpoldingi1@cmu.edu,Male,610-324-6867,Rau and Sons
651,Bertha,Avory,bavoryi2@tuttocitta.it,Genderfluid,547-548-9743,Lesch LLC
652,Anett,Bowmer,abowmeri3@japanpost.jp,Female,126-770-5042,"Lowe, Deckow and Stanton"
653,Margaux,Cottham,mcotthami4@bing.com,Female,274-338-6686,Gleason and Sons
654,Bartel,Goodinson,bgoodinsoni5@senate.gov,Male,353-169-3350,Fadel LLC
655,Katrinka,Emblow,kemblowi6@chronoengine.com,Female,470-131-6080,Jacobson and Sons
656,Kristan,Byrne,kbyrnei7@typepad.com,Female,359-590-4362,Johnston-Schroeder
657,Dukie,Mont,dmonti8@sfgate.com,Male,529-397-3032,"Turcotte, Klein and Gleason"
658,Stacy,Pickhaver,spickhaveri9@godaddy.com,Female,314-933-5028,"Armstrong, Crist and O'Kon"
659,Noel,Westwell,nwestwellia@rediff.com,Female,220-407-3908,Crist-Spinka
660,Erich,Lewton,elewtonib@cnet.com,Genderqueer,112-548-1500,"Schinner, Wuckert and Blanda"
661,Brynne,Couroy,bcouroyic@guardian.co.uk,Genderfluid,285-943-6791,Schamberger-Balistreri
662,Orlan,Offer,oofferid@shinystat.com,Male,389-883-9123,"Ferry, Bode and Buckridge"
663,Melony,Savine,msavineie@cbslocal.com,Female,371-321-8999,"Schamberger, Kuhlman and Klocko"
664,Daphne,MacAree,dmacareeif@bbc.co.uk,Female,365-117-2579,"Ward, Purdy and Weber"
665,Cyrillus,Bratten,cbrattenig@cloudflare.com,Male,312-230-3107,"Rowe, McKenzie and Ruecker"
666,Lorrayne,Truwert,ltruwertih@com.com,Female,175-847-0560,Bogan-Bins
667,Kaila,Screech,kscreechii@slate.com,Female,172-336-4509,Kohler Group
668,Sosanna,McCall,smccallij@sbwire.com,Female,156-498-1981,Ernser Inc
669,Elfrieda,Ames,eamesik@facebook.com,Bigender,474-747-4914,Schuster and Sons
670,Delila,Marcu,dmarcuil@ucla.edu,Female,925-913-9171,Breitenberg LLC
671,Case,Bolding,cboldingim@goo.ne.jp,Bigender,845-269-7744,Hettinger Group
672,Nestor,Cufflin,ncufflinin@github.io,Male,438-567-8707,Lehner and Sons
673,Trueman,Weatherby,tweatherbyio@reverbnation.com,Genderfluid,773-613-6221,Kshlerin-Johnson
674,Janifer,Tennock,jtennockip@paypal.com,Female,228-332-1035,"Ernser, Brakus and Dicki"
675,Marta,Tacker,mtackeriq@marriott.com,Female,708-133-8540,Ziemann Inc
676,Mary,Filkov,mfilkovir@reference.com,Agender,417-400-7927,"Herzog, Carter and Schuster"
677,Edwin,Dewbury,edewburyis@dion.ne.jp,Male,290-193-5274,"Ledner, Bailey and Waelchi"
678,Archibald,Boise,aboiseit@huffingtonpost.com,Male,169-542-7785,Emard-Schmitt
679,Yorgos,Crumbie,ycrumbieiu@imdb.com,Male,274-641-4921,"Jacobi, Medhurst and Lebsack"
680,Stella,Henrot,shenrotiv@ameblo.jp,Bigender,853-463-3273,"Miller, Will and O'Connell"
681,Maxine,Penton,mpentoniw@gov.uk,Female,223-722-0552,Sawayn-Wilkinson
682,Ynes,Goody,ygoodyix@prnewswire.com,Female,405-120-8295,Rogahn-Schoen
683,Vonny,Jouannot,vjouannotiy@opensource.org,Agender,402-646-3022,"Runolfsson, Mills and Stokes"
684,Julianne,McCroft,jmccroftiz@photobucket.com,Female,536-608-8957,Koepp-Waters
685,Eada,Alloisi,ealloisij0@quantcast.com,Female,174-219-5264,Bauch LLC
686,Caitlin,Bernardeau,cbernardeauj1@umn.edu,Female,807-803-8495,Hermiston Group
687,Mendie,Neward,mnewardj2@spotify.com,Male,130-295-2816,Gutkowski Inc
688,Ermin,Berthome,eberthomej3@barnesandnoble.com,Male,256-417-1193,Wunsch and Sons
689,Lisa,Samson,lsamsonj4@imdb.com,Female,649-583-1498,Koelpin Inc
690,Chrisy,Rought,croughtj5@washington.edu,Male,530-564-5974,Grant-Kautzer
691,Norene,Mixhel,nmixhelj6@oracle.com,Female,411-512-1102,Schultz-Veum
692,Shane,O' Dornan,sodornanj7@chronoengine.com,Male,885-705-9205,Pacocha-Lebsack
693,Millard,Heinemann,mheinemannj8@census.gov,Male,803-325-2492,"Gleichner, Torphy and Jacobson"
694,Ofelia,Oneile,ooneilej9@arstechnica.com,Female,287-845-6897,Corkery and Sons
695,Alexandra,Bovis,abovisja@uiuc.edu,Female,921-245-0238,"Strosin, Boehm and Mertz"
696,Flin,Pentland,fpentlandjb@about.com,Male,333-105-8385,Larkin-Hartmann
697,Ransell,Burchmore,rburchmorejc@yale.edu,Male,291-220-7142,"Ortiz, Zieme and Prosacco"
698,Janenna,Cottel,jcotteljd@example.com,Female,835-977-4127,Murray and Sons
699,Emile,Sealeaf,esealeafje@bbb.org,Male,139-314-4280,Mann-Armstrong
700,Ardyth,Harrigan,aharriganjf@fotki.com,Female,612-892-9080,Hayes and Sons
701,Briano,Nickoll,bnickolljg@chron.com,Male,926-409-7349,"Batz, Stoltenberg and Little"
702,Dulcie,Starton,dstartonjh@yahoo.com,Female,945-970-7588,Wiza-Miller
703,Brandy,Sappell,bsappellji@guardian.co.uk,Female,597-960-2891,Feil-Hammes
704,Lela,Pipworth,lpipworthjj@va.gov,Female,136-262-9428,Casper-Becker
705,Olympia,Mower,omowerjk@sciencedaily.com,Female,430-290-8807,Waters-Strosin
706,Birgitta,Zanussii,bzanussiijl@toplist.cz,Female,741-866-5190,"Ernser, Reichel and Hartmann"
707,Maurits,Keig,mkeigjm@hao123.com,Male,514-707-3883,Beatty and Sons
708,Danita,Erwin,derwinjn@cargocollective.com,Female,127-914-8118,Rosenbaum Group
709,Jacobo,Hamments,jhammentsjo@people.com.cn,Male,857-914-4835,"Terry, Kunde and Hoeger"
710,Edsel,Origan,eoriganjp@usnews.com,Genderfluid,874-276-5396,"Mohr, McCullough and Glover"
711,Perceval,Lelievre,plelievrejq@unblog.fr,Male,619-253-2899,Gulgowski-McClure
712,Verge,Spinetti,vspinettijr@bandcamp.com,Male,571-168-6411,Beahan Inc
713,Ignace,Kalf,ikalfjs@icio.us,Male,971-694-3298,Jenkins Inc
714,Timothee,Pala,tpalajt@cisco.com,Male,544-277-3162,Batz Inc
715,Donna,Brasener,dbrasenerju@furl.net,Female,455-469-8206,"Doyle, Ledner and Gerlach"
716,Peyter,Clears,pclearsjv@disqus.com,Male,839-649-3275,"Hoppe, Ferry and Stamm"
717,Adham,Jenson,ajensonjw@hexun.com,Male,983-984-8088,Franecki-Prosacco
718,Rem,Whittlesee,rwhittleseejx@csmonitor.com,Male,474-791-6844,"Dietrich, Beatty and MacGyver"
719,Murdock,Andrivel,mandriveljy@squidoo.com,Male,677-100-9282,Herman Inc
720,Anya,Seller,asellerjz@sun.com,Female,370-543-4109,"Reichel, Mills and Herzog"
721,Ebony,Winscum,ewinscumk0@pagesperso-orange.fr,Female,351-522-9055,Bailey Group
722,Hedi,Thow,hthowk1@feedburner.com,Female,143-995-9142,Reichel-Satterfield
723,Xymenes,Delhay,xdelhayk2@icq.com,Male,517-807-0500,"Hand, Halvorson and Bernier"
724,Curt,Hainsworth,chainsworthk3@addtoany.com,Genderfluid,940-250-8063,Langworth-Hermann
725,Stephine,Lambard,slambardk4@rediff.com,Female,349-396-9435,Dach-Shanahan
726,Terence,Gemmell,tgemmellk5@reference.com,Male,995-214-1182,"Hahn, Kihn and Klein"
727,Tiffy,de Savery,tdesaveryk6@live.com,Female,206-399-8957,Greenfelder Group
728,Leia,McCrisken,lmccriskenk7@pbs.org,Female,186-731-8474,Shanahan-Schamberger
729,Derrik,Ruspine,druspinek8@answers.com,Polygender,208-262-7727,Wisozk-Berge
730,Zorana,Mapholm,zmapholmk9@networkadvertising.org,Female,896-553-0968,Wilkinson Group
731,Zedekiah,Stivey,zstiveyka@prlog.org,Male,961-486-2603,Padberg-Satterfield
732,Chaddie,Bucknell,cbucknellkb@miitbeian.gov.cn,Male,646-656-7817,Marquardt and Sons
733,Maddi,Enright,menrightkc@eventbrite.com,Female,793-962-8675,Denesik LLC
734,Lorena,Yakutin,lyakutinkd@addthis.com,Non-binary,481-506-0864,Kuhlman LLC
735,Shaylyn,Donegan,sdoneganke@toplist.cz,Female,848-977-0453,"Bins, Goyette and Grant"
736,Ives,Skala,iskalakf@epa.gov,Male,819-710-6273,"Green, Shanahan and O'Hara"
737,Kimmie,Perotti,kperottikg@ocn.ne.jp,Female,872-155-7301,"Kub, Bauch and Kutch"
738,Dion,Coghill,dcoghillkh@vkontakte.ru,Female,513-208-6832,Hahn Group
739,Raimondo,Blaes,rblaeski@salon.com,Male,440-596-1413,Cummings-Rice
740,Corette,Dixey,cdixeykj@europa.eu,Female,375-369-9883,"Hodkiewicz, Feeney and Batz"
741,Quill,Audley,qaudleykk@state.gov,Male,569-198-3581,"Thiel, Waters and Hartmann"
742,Royal,Whyke,rwhykekl@yellowpages.com,Male,633-640-3041,"Bruen, Stehr and Kris"
743,Tessa,Nethercott,tnethercottkm@webmd.com,Female,200-456-2197,"Brakus, Streich and Prohaska"
744,Brear,Pollen,bpollenkn@infoseek.co.jp,Female,241-314-1005,Collier-Ratke
745,Hollis,Lording,hlordingko@woothemes.com,Male,804-571-5207,Hermann Inc
746,Madelaine,Chase,mchasekp@hp.com,Non-binary,455-963-4057,"Moore, Feil and Torp"
747,Ripley,Haycroft,rhaycroftkq@last.fm,Bigender,255-177-1141,Hand-Pollich
748,Brynna,Sommerly,bsommerlykr@taobao.com,Female,589-271-1675,Bednar LLC
749,Darwin,Lockier,dlockierks@prweb.com,Male,569-709-2117,"Murazik, Bradtke and Collins"
750,Arri,Acutt,aacuttkt@delicious.com,Male,898-865-7174,Wisozk-Collier
751,Stanford,Keford,skefordku@wix.com,Male,466-976-9331,Ward and Sons
752,Juieta,Percifer,jperciferkv@zimbio.com,Female,853-493-9681,"Ryan, Walker and Conn"
753,Ariella,Caughan,acaughankw@redcross.org,Female,186-837-1552,Lebsack-Deckow
754,Ase,Dodimead,adodimeadkx@weibo.com,Male,713-242-3197,Daniel-Hansen
755,Thomasa,Mapes,tmapesky@guardian.co.uk,Female,549-212-0890,Farrell LLC
756,Anselma,Schwant,aschwantkz@skyrock.com,Female,569-355-7384,Maggio Inc
757,Merell,Hallworth,mhallworthl0@mysql.com,Male,141-717-7842,Breitenberg LLC
758,Jillene,Dominguez,jdominguezl1@woothemes.com,Female,451-637-9834,Dibbert LLC
759,Brinn,Seager,bseagerl2@dion.ne.jp,Female,909-958-8095,"Carroll, Emmerich and Skiles"
760,Anallise,Hoyles,ahoylesl3@wired.com,Female,107-637-8139,Bartoletti-Morissette
761,Alli,Thicking,athickingl4@123-reg.co.uk,Female,650-221-3140,"Krajcik, Feeney and Sipes"
762,Alyce,Upcott,aupcottl5@weebly.com,Female,659-260-2176,Adams-Yost
763,Kris,Pardue,kparduel6@si.edu,Male,919-902-8921,"Schuppe, McLaughlin and Nienow"
764,Latia,Troop,ltroopl7@gmpg.org,Female,157-822-1093,Osinski LLC
765,Celia,Glanister,cglanisterl8@microsoft.com,Non-binary,951-679-3647,Cruickshank and Sons
766,Bradford,Dronsfield,bdronsfieldl9@storify.com,Male,262-513-1519,"Emmerich, Block and Morissette"
767,Lavinie,Lunam,llunamla@friendfeed.com,Female,469-905-1645,"West, Kuhlman and Durgan"
768,Susan,Bruhnicke,sbruhnickelb@jugem.jp,Female,287-296-2142,Moore and Sons
769,Rosmunda,MacGillicuddy,rmacgillicuddylc@ifeng.com,Female,456-915-8921,"Gerlach, Fahey and Hahn"
770,Roxane,McIlhone,rmcilhoneld@answers.com,Female,450-283-3535,Lindgren and Sons
771,Phip,Stot,pstotle@shutterfly.com,Male,923-562-0690,Simonis-Stamm
772,Meir,Pagram,mpagramlf@dell.com,Male,400-541-0309,"Turner, Renner and O'Hara"
773,Morganica,Pesic,mpesiclg@whitehouse.gov,Genderqueer,768-626-1000,Turcotte-Bins
774,Gillie,Kochel,gkochellh@shutterfly.com,Female,551-766-4712,Hoeger-Welch
775,Toby,Knatt,tknattli@ow.ly,Male,167-733-2889,Reilly-Schneider
776,Aguistin,Rouchy,arouchylj@redcross.org,Male,472-304-0089,Powlowski Group
777,Antonella,Morfett,amorfettlk@printfriendly.com,Female,983-489-4579,Pouros and Sons
778,Arlana,Hunton,ahuntonll@digg.com,Female,381-260-1928,"Schimmel, Jacobs and Sipes"
779,Aubrey,Yarnall,ayarnalllm@army.mil,Male,716-603-2288,Shanahan-Deckow
780,Caresse,Baake,cbaakeln@imgur.com,Female,291-818-6238,Hills-Grady
781,Geneva,De Angelis,gdeangelislo@pinterest.com,Female,415-939-7521,Legros Group
782,Guido,Hartmann,ghartmannlp@cornell.edu,Male,764-450-9815,Schiller-Donnelly
783,Celesta,Kinsley,ckinsleylq@independent.co.uk,Female,875-353-2688,Welch-Cassin
784,Correna,Poltun,cpoltunlr@spiegel.de,Female,465-923-2957,Collins Inc
785,Drucie,Giscken,dgisckenls@tripod.com,Female,197-358-4287,Mayert-Wisoky
786,Berthe,Blouet,bblouetlt@typepad.com,Female,677-859-9022,Shields and Sons
787,Gabby,Romanini,gromaninilu@com.com,Male,786-774-2106,Kirlin LLC
788,Paule,Di Giorgio,pdigiorgiolv@google.co.jp,Female,343-231-7137,"Kunde, Stokes and Frami"
789,Barbabas,Vizor,bvizorlw@studiopress.com,Male,590-499-4689,Haag LLC
790,Alice,Londors,alondorslx@bandcamp.com,Female,817-673-0559,Friesen-Carter
791,Salome,Brookfield,sbrookfieldly@sina.com.cn,Female,354-793-0515,Lang-Schuppe
792,Lilith,Solly,lsollylz@youtube.com,Female,946-269-6654,Kertzmann-Zieme
793,Branden,Symes,bsymesm0@disqus.com,Male,817-451-1693,Jast-Mertz
794,Brady,Hughill,bhughillm1@google.co.jp,Male,374-212-2475,Willms Group
795,Andy,Daine,adainem2@bigcartel.com,Male,783-729-1527,Powlowski and Sons
796,Bel,Tudhope,btudhopem3@unesco.org,Bigender,782-906-7880,"Streich, Hermann and Beahan"
797,Katusha,Danilchik,kdanilchikm4@alibaba.com,Female,595-351-3511,"Boehm, Medhurst and Fay"
798,Adria,Kubacek,akubacekm5@cam.ac.uk,Female,979-232-6676,"Stehr, Goldner and Heathcote"
799,Addy,Willavoys,awillavoysm6@kickstarter.com,Male,977-610-8491,"Marvin, Sporer and Adams"
800,Roderic,Powe,rpowem7@xinhuanet.com,Male,761-649-5173,Terry-Sanford
801,Christophorus,Mabon,cmabonm8@businessweek.com,Male,250-684-7085,"Becker, Glover and Herzog"
802,Matt,Ongin,monginm9@unicef.org,Polygender,211-270-8165,"Koss, Luettgen and Lebsack"
803,Kata,Lanchbury,klanchburyma@nature.com,Female,542-893-2077,Stark-Durgan
804,Griff,Noads,gnoadsmb@fda.gov,Male,925-523-0801,Kirlin LLC
805,Rozina,Poynser,rpoynsermc@clickbank.net,Female,269-323-2530,Hamill-Lemke
806,Bendite,Lade,blademd@webeden.co.uk,Female,798-454-9542,"Kreiger, Smith and Mann"
807,Aigneis,Kearford,akearfordme@archive.org,Female,828-247-1240,Lynch Inc
808,Hastie,Feakins,hfeakinsmf@ameblo.jp,Male,333-977-5294,Goldner Group
809,Aviva,O'Crevy,aocrevymg@about.me,Female,728-796-9179,Miller-Grant
810,Sibella,Mullarkey,smullarkeymh@mtv.com,Female,619-211-7791,"Hilpert, Watsica and Welch"
811,Trefor,Simonsson,tsimonssonmi@hugedomains.com,Male,385-179-4389,Hansen Group
812,Adriane,Kennifeck,akennifeckmj@nifty.com,Female,941-617-7800,Cole Inc
813,Nigel,Dumingos,ndumingosmk@umich.edu,Male,222-529-6007,Rodriguez Group
814,Justino,Brozek,jbrozekml@tmall.com,Male,475-298-9472,D'Amore and Sons
815,Ange,Guy,aguymm@washingtonpost.com,Female,566-657-8647,Reilly and Sons
816,Heddi,Mournian,hmournianmn@mashable.com,Female,451-448-1611,"Buckridge, Paucek and Jenkins"
817,Kaine,MacDonald,kmacdonaldmo@yellowpages.com,Male,759-238-2015,"Emard, Reichert and Hackett"
818,Lynea,Matisse,lmatissemp@amazon.co.jp,Female,671-619-6420,"Auer, Mann and Kub"
819,Mikkel,Fassbender,mfassbendermq@imgur.com,Male,535-934-5501,Gottlieb-Hauck
820,Emory,Cainey,ecaineymr@senate.gov,Male,557-508-5082,Abshire-Roob
821,Elene,Philot,ephilotms@theglobeandmail.com,Female,818-665-3748,Torp and Sons
822,Ambros,Terbrugge,aterbruggemt@constantcontact.com,Male,270-917-5037,"Runte, VonRueden and Wunsch"
823,Eugenius,Mingauld,emingauldmu@topsy.com,Male,359-812-2843,Turcotte and Sons
824,Prudi,Garces,pgarcesmv@reverbnation.com,Female,696-289-5297,Johnston-Daniel
825,Lenore,Stears,lstearsmw@archive.org,Female,658-776-2362,"Collier, Hills and McKenzie"
826,Aprilette,von Nassau,avonnassaumx@disqus.com,Bigender,217-671-6454,Gorczany Inc
827,Bibbie,Burree,bburreemy@skyrock.com,Female,509-115-3835,"Champlin, Turcotte and Lueilwitz"
828,Matthias,Woolfall,mwoolfallmz@spotify.com,Bigender,373-859-7464,"Durgan, O'Connell and Nader"
829,Laural,Onn,lonnn0@creativecommons.org,Female,347-973-2661,"Kulas, Jacobson and Cummerata"
830,Wallie,Ilyushkin,wilyushkinn1@clickbank.net,Male,872-566-2808,Bechtelar and Sons
831,Kimmie,Booth-Jarvis,kboothjarvisn2@google.ru,Female,364-399-8774,Block-Kilback
832,Porty,Francois,pfrancoisn3@yellowpages.com,Male,248-537-2770,Spinka-Haley
833,Lennard,Gallgher,lgallghern4@bizjournals.com,Male,223-561-8422,Cremin-Weissnat
834,Sherm,Fortune,sfortunen5@elegantthemes.com,Male,290-780-4130,Howell-Lynch
835,Engracia,Lebreton,elebretonn6@addtoany.com,Female,530-888-1832,"Bednar, Langworth and Schiller"
836,Tudor,Tomasino,ttomasinon7@freewebs.com,Male,817-456-6583,Rice LLC
837,Joane,Ferrillo,jferrillon8@java.com,Female,212-988-5317,Douglas LLC
838,Todd,Marzelo,tmarzelon9@kickstarter.com,Male,769-679-8249,"Greenholt, Funk and McCullough"
839,Devinne,Pietesch,dpieteschna@princeton.edu,Female,784-109-8686,Morar-Flatley
840,Randi,Jays,rjaysnb@wikia.com,Male,845-444-8405,Skiles-Gottlieb
841,Wake,Twort,wtwortnc@bravesites.com,Male,209-673-0580,"Mosciski, Howe and Mraz"
842,Ikey,Batten,ibattennd@weebly.com,Male,777-376-8332,"Terry, Wyman and Batz"
843,Alayne,Matzen,amatzenne@fc2.com,Female,775-528-9854,"Hodkiewicz, Brakus and Rau"
844,Neysa,Crowest,ncrowestnf@google.co.jp,Female,447-271-8990,Parisian Group
845,Leighton,Rummins,lrumminsng@addtoany.com,Male,247-282-8057,"Hyatt, Kutch and Jones"
846,Ericka,Sands-Allan,esandsallannh@microsoft.com,Genderfluid,284-917-6963,"Pfeffer, Batz and Kovacek"
847,Elvyn,Mapstone,emapstoneni@hc360.com,Male,171-928-3490,Wisozk-Cummings
848,Huberto,Dinneen,hdinneennj@statcounter.com,Genderqueer,823-246-4786,"Balistreri, Schulist and Ortiz"
849,Tiphany,Curme,tcurmenk@123-reg.co.uk,Female,466-836-9852,"Okuneva, Upton and Sauer"
850,Lannie,Duncklee,ldunckleenl@a8.net,Male,518-620-7493,Fadel Group
851,Clyve,Cochrane,ccochranenm@wiley.com,Male,878-679-1552,West-King
852,Hercules,Parcells,hparcellsnn@zimbio.com,Male,739-170-0750,Reilly Inc
853,Buck,Fee,bfeeno@is.gd,Male,507-735-6919,Cole-Rolfson
854,Shermy,Gerb,sgerbnp@yolasite.com,Male,501-565-4120,Lesch and Sons
855,Dorri,Ruger,drugernq@ezinearticles.com,Female,742-164-7557,Herzog and Sons
856,Inesita,Spare,isparenr@ca.gov,Female,754-975-6740,Romaguera Group
857,Kendall,Burhill,kburhillns@soup.io,Male,195-137-5447,Jakubowski-Spencer
858,Emelia,Drury,edrurynt@netlog.com,Female,217-188-4143,"Feest, Bode and Cassin"
859,Godard,Smyth,gsmythnu@sbwire.com,Male,547-412-1591,Langosh LLC
860,Stephen,Nials,snialsnv@odnoklassniki.ru,Male,870-941-8077,Leuschke-Armstrong
861,Darb,Andrioni,dandrioninw@canalblog.com,Female,492-319-4837,Rempel-Wyman
862,Nadya,Halsey,nhalseynx@vk.com,Female,635-594-4359,Fisher Group
863,Deanna,Forst,dforstny@odnoklassniki.ru,Female,206-135-4225,Ortiz LLC
864,Kyle,Fance,kfancenz@cbslocal.com,Female,423-525-6890,Berge-Kunde
865,Ronna,Soeiro,rsoeiroo0@biblegateway.com,Non-binary,681-515-0175,Rempel Group
866,Timmy,Olander,tolandero1@google.ru,Male,568-762-5938,"Purdy, Gutmann and Johnston"
867,Duncan,Lusgdin,dlusgdino2@ucla.edu,Male,821-203-9917,"Haag, Reinger and Luettgen"
868,Lotti,Feighry,lfeighryo3@dropbox.com,Female,500-370-8863,"West, White and King"
869,Martelle,Jurek,mjureko4@google.co.jp,Female,322-378-6916,"Weber, Ledner and Roberts"
870,Frank,Raggitt,fraggitto5@vistaprint.com,Female,214-377-3449,"Schultz, Mayer and Smith"
871,Emlen,Lillegard,elillegardo6@ameblo.jp,Male,889-597-4934,"Leuschke, Barton and Bins"
872,Rozanne,De Angelis,rdeangeliso7@4shared.com,Female,987-157-2245,"Bergstrom, Trantow and Cruickshank"
873,Hagan,Cornier,hcorniero8@buzzfeed.com,Male,390-782-4916,Hermiston-Glover
874,Eden,Kelso,ekelsoo9@ow.ly,Female,245-628-4512,Hagenes-Wunsch
875,Jessie,Huniwall,jhuniwalloa@boston.com,Female,796-788-5158,Wintheiser-Bogan
876,Cesar,Dennerly,cdennerlyob@state.tx.us,Male,701-160-8823,Kuhic-Lind
877,Margarethe,Lepard,mlepardoc@springer.com,Female,293-847-9570,"Bartell, Robel and Greenholt"
878,Trudey,Drexel,tdrexelod@wufoo.com,Female,346-815-3669,Crist-Rohan
879,Rikki,BURWIN,rburwinoe@deliciousdays.com,Female,967-342-7164,"Rath, Wehner and Schmitt"
880,Marilyn,Lyte,mlyteof@prweb.com,Female,768-817-6241,"Kunze, Kassulke and Goodwin"
881,Adena,Craxford,acraxfordog@telegraph.co.uk,Female,249-582-1581,Kemmer-Rutherford
882,Barnabe,Henzer,bhenzeroh@lulu.com,Male,425-713-5356,Schoen and Sons
883,Bronson,Eate,beateoi@irs.gov,Male,893-425-4523,Jerde-Gutkowski
884,Nickolai,Spicer,nspiceroj@google.co.jp,Non-binary,493-222-1380,"Abbott, Rowe and Paucek"
885,Jolynn,Celler,jcellerok@example.com,Female,415-336-5492,Schultz-Herman
886,Mayer,Whitmell,mwhitmellol@bloomberg.com,Agender,657-444-9555,Swaniawski-Wintheiser
887,Mahala,Isard,misardom@newyorker.com,Female,748-954-8098,West-Pollich
888,Leena,Lippitt,llippitton@boston.com,Female,840-933-6780,Toy Group
889,Ailey,Penzer,apenzeroo@bloomberg.com,Female,968-725-4933,Rolfson LLC
890,Roth,Boutwell,rboutwellop@state.tx.us,Male,872-679-5367,"Gislason, Heaney and Hane"
891,Marc,Moughton,mmoughtonoq@timesonline.co.uk,Agender,271-820-9219,Gislason-Torp
892,Dewie,Niche,dnicheor@slideshare.net,Male,780-477-6464,Runte-Wehner
893,Livvyy,Huburn,lhuburnos@ustream.tv,Female,649-132-4215,Nicolas and Sons
894,Allys,Patise,apatiseot@homestead.com,Female,908-144-8110,Shields-Kautzer
895,Sharla,Rutgers,srutgersou@ucla.edu,Female,215-577-1553,Langosh-Christiansen
896,Delcine,Wright,dwrightov@squarespace.com,Female,744-674-3666,Stoltenberg-Halvorson
897,Evey,Gowan,egowanow@1688.com,Female,143-900-2576,Parker-Balistreri
898,Clive,Filler,cfillerox@vinaora.com,Male,182-642-7275,Funk Group
899,Arlena,Baynham,abaynhamoy@nationalgeographic.com,Female,571-960-1432,Boehm-Crist
900,Conney,Bale,cbaleoz@theatlantic.com,Male,264-992-8093,Mante-Padberg
901,Zoe,Chevis,zchevisp0@wikipedia.org,Genderqueer,244-254-8068,"Beier, Haag and Lesch"
902,Ariel,Skip,askipp1@icio.us,Female,510-505-2894,Sporer and Sons
903,Theodore,Keay,tkeayp2@msn.com,Male,813-237-2951,Wunsch Inc
904,Rudolfo,Mawson,rmawsonp3@vinaora.com,Male,501-101-0508,"Blick, Hauck and Carter"
905,Cybill,Carcass,ccarcassp4@bizjournals.com,Female,182-332-5527,Nader Inc
906,Eamon,Addington,eaddingtonp5@twitter.com,Male,858-830-8369,Konopelski-Prosacco
907,Bibbye,Lambrick,blambrickp6@altervista.org,Female,774-516-2717,"Windler, Collier and Jakubowski"
908,Monique,Morican,mmoricanp7@fotki.com,Bigender,407-601-7572,"Williamson, Murazik and Heidenreich"
909,Valery,Cammack,vcammackp8@bigcartel.com,Female,976-494-6430,Jones-Kertzmann
910,Ekaterina,Maine,emainep9@google.com.au,Female,661-638-3164,Morar Inc
911,Bentley,Goodship,bgoodshippa@furl.net,Male,820-191-0579,Schneider-McLaughlin
912,Ivor,Greenhalf,igreenhalfpb@php.net,Male,288-309-1591,Nader and Sons
913,Dougy,Yurikov,dyurikovpc@ft.com,Male,945-175-8020,"Kovacek, Becker and Stark"
914,Franky,Tondeur,ftondeurpd@ustream.tv,Polygender,819-624-0639,Little-Moore
915,Winni,Bilborough,wbilboroughpe@abc.net.au,Female,319-607-8927,Marquardt and Sons
916,Marcel,Lebond,mlebondpf@flavors.me,Male,215-535-8768,Barton and Sons
917,Wenda,Glenn,wglennpg@is.gd,Female,695-111-1720,Lehner-Fritsch
918,Bruce,Claxson,bclaxsonph@latimes.com,Male,395-107-8946,"Murazik, Jenkins and Hartmann"
919,Wren,Lackinton,wlackintonpi@cornell.edu,Bigender,551-482-1768,Lubowitz Inc
920,Wilbur,Callear,wcallearpj@techcrunch.com,Male,549-720-1563,"MacGyver, Yundt and Kris"
921,Oliy,Gullberg,ogullbergpk@comsenz.com,Female,681-875-3130,Macejkovic-Lesch
922,Nefen,Highwood,nhighwoodpl@eepurl.com,Male,904-732-7072,"Schuppe, Bartoletti and Harris"
923,Adrienne,Lattka,alattkapm@wikia.com,Female,480-953-1575,Torp Inc
924,Netti,Bramham,nbramhampn@ca.gov,Female,263-844-6961,"Franecki, Wiza and Kunde"
925,Pattin,Croll,pcrollpo@ucsd.edu,Male,465-224-8143,"Bahringer, Herman and Renner"
926,Huntlee,Ogilby,hogilbypp@bandcamp.com,Male,858-544-9091,Wolf Group
927,Madelon,Ondricek,mondricekpq@gov.uk,Female,913-780-1093,Moen Inc
928,Ayn,Matchell,amatchellpr@shop-pro.jp,Genderqueer,756-740-3940,Jacobson LLC
929,Mattias,Vant,mvantps@hud.gov,Male,693-643-0851,Bartell Group
930,Timothy,Upston,tupstonpt@google.com.hk,Male,786-792-5981,Grady and Sons
931,Gertrud,Lowis,glowispu@utexas.edu,Female,342-491-7954,"Stehr, Herzog and Auer"
932,Norton,MacGiolla Pheadair,nmacgiollapheadairpv@cafepress.com,Male,625-332-9170,"Douglas, Thompson and Stroman"
933,Camila,Safell,csafellpw@delicious.com,Female,912-739-9627,Ledner-Lowe
934,Ingmar,Dowda,idowdapx@globo.com,Male,617-797-3264,Boyer-Nicolas
935,Aldus,Holdworth,aholdworthpy@berkeley.edu,Male,254-706-5809,Wolff-Waters
936,Mae,Denizet,mdenizetpz@sakura.ne.jp,Female,700-403-5257,Kassulke-Crooks
937,Siouxie,Masserel,smasserelq0@disqus.com,Female,409-797-1592,"McCullough, Zemlak and Schmitt"
938,Pattin,Forsyde,pforsydeq1@pen.io,Male,931-112-9808,Willms-Marks
939,Bette-ann,Stubbins,bstubbinsq2@ustream.tv,Female,341-870-1442,Bauch Group
940,Vi,Gemmill,vgemmillq3@microsoft.com,Bigender,403-240-7628,Schaden Group
941,Bernardine,Moralee,bmoraleeq4@ebay.com,Female,166-776-6598,Sawayn LLC
942,Carver,Ledner,clednerq5@trellian.com,Male,785-757-9396,"Kuhlman, Lynch and Gorczany"
943,Raychel,Borrel,rborrelq6@huffingtonpost.com,Female,741-875-1691,Champlin Inc
944,Ephrayim,Tippings,etippingsq7@sogou.com,Male,443-185-0381,Bednar-Blick
945,Felisha,Bestman,fbestmanq8@wikipedia.org,Female,170-183-6197,Paucek-Hand
946,Francisca,Bims,fbimsq9@alexa.com,Female,197-602-7711,"Hirthe, Rau and Schiller"
947,Kattie,Gamwell,kgamwellqa@edublogs.org,Female,760-941-4788,Murazik-Lehner
948,Humfried,Paul,hpaulqb@gov.uk,Male,634-701-5001,Hammes-Klocko
949,Philippine,Pimerick,ppimerickqc@intel.com,Female,651-330-0848,Davis and Sons
950,Trudi,Light,tlightqd@china.com.cn,Female,612-958-8632,Larson-Botsford
951,Mercie,Rauprich,mrauprichqe@jimdo.com,Bigender,352-293-9128,Cartwright and Sons
952,Drusi,Luciani,dlucianiqf@biblegateway.com,Female,301-518-7210,Lemke Group
953,Paula,Izakson,pizaksonqg@hubpages.com,Non-binary,983-416-7625,Boyer-Spinka
954,Julio,Lear,jlearqh@exblog.jp,Male,315-876-9643,Stark and Sons
955,Chuck,Cracie,ccracieqi@google.de,Male,152-784-5339,Kris Group
956,Lexis,Fielder,lfielderqj@mapquest.com,Female,794-819-2627,Kuhic-Buckridge
957,Ardene,Waything,awaythingqk@state.tx.us,Female,629-723-4155,Gusikowski Inc
958,Frazier,Bagniuk,fbagniukql@naver.com,Male,910-897-5481,Larkin LLC
959,Elianora,Dempsey,edempseyqm@techcrunch.com,Female,135-165-6702,"Hermann, Haley and Larson"
960,Lance,Annear,lannearqn@ask.com,Male,499-196-1293,Hayes Inc
961,Lyle,Stembridge,lstembridgeqo@cloudflare.com,Male,458-522-7352,"Kuhic, Lindgren and Pfannerstill"
962,Adolf,Erangey,aerangeyqp@ifeng.com,Male,210-737-6026,Senger LLC
963,Alastair,Nolton,anoltonqq@ucoz.com,Male,639-277-3723,Ratke Inc
964,Cristionna,Craigmyle,ccraigmyleqr@who.int,Female,423-252-2045,Zboncak Inc
965,Sheree,Polycote,spolycoteqs@chicagotribune.com,Female,618-750-3678,Heaney-Heathcote
966,Gae,Stawell,gstawellqt@quantcast.com,Female,424-935-7309,Weissnat-O'Hara
967,Shelton,Lorent,slorentqu@netscape.com,Male,406-355-3222,Stokes-Grant
968,Fawne,Newport,fnewportqv@tuttocitta.it,Female,867-693-7278,"Rohan, Doyle and Funk"
969,Ichabod,Grealey,igrealeyqw@tumblr.com,Male,541-199-2712,Wehner LLC
970,Samuel,Sinclair,ssinclairqx@sakura.ne.jp,Male,654-623-0607,McKenzie-Runolfsdottir
971,Rochelle,Kinsley,rkinsleyqy@un.org,Female,833-837-2109,Spinka and Sons
972,Adel,Ricker,arickerqz@nhs.uk,Female,728-419-6392,"Mueller, Pfannerstill and Parisian"
973,Haleigh,Draysay,hdraysayr0@cbc.ca,Male,470-182-9949,Nolan-Schmitt
974,Burty,Pudsall,bpudsallr1@hibu.com,Male,762-951-0782,Davis Inc
975,Joellyn,Frapwell,jfrapwellr2@dot.gov,Female,900-715-5989,Erdman Group
976,Ulrika,Yves,uyvesr3@redcross.org,Female,966-793-8607,Hand Group
977,Tiffany,Fray,tfrayr4@hao123.com,Female,241-904-0561,"Smith, Feil and Senger"
978,Fred,Trattles,ftrattlesr5@apache.org,Female,803-968-9675,"Yundt, Mosciski and Sauer"
979,Enoch,Bendare,ebendarer6@ebay.com,Male,678-124-1580,"Pfannerstill, Adams and Turner"
980,Elka,Gertz,egertzr7@miibeian.gov.cn,Female,661-804-7077,"McDermott, Lowe and Jakubowski"
981,Lyn,Turn,lturnr8@npr.org,Female,403-515-5702,VonRueden-Reinger
982,Cassandre,Fincher,cfincherr9@miibeian.gov.cn,Female,971-339-1740,"Hettinger, Hegmann and Dach"
983,Kari,Harriot,kharriotra@zimbio.com,Female,362-242-2249,Upton Group
984,Barbabra,Donaghie,bdonaghierb@weibo.com,Female,279-467-6969,"Leannon, Lind and Toy"
985,Bonnie,Raitt,braittrc@de.vu,Female,678-209-5182,Keebler Group
986,Humfrid,Scrowston,hscrowstonrd@comsenz.com,Male,802-969-7609,King-Boehm
987,Benjamin,Knapton,bknaptonre@prweb.com,Male,245-590-8842,Braun LLC
988,Cristin,Woofenden,cwoofendenrf@hp.com,Female,415-921-5405,Hahn-Runte
989,Bell,Wakley,bwakleyrg@wordpress.org,Female,711-783-6995,"Fisher, Wintheiser and Goldner"
990,Burl,Picopp,bpicopprh@angelfire.com,Male,495-670-0985,"Abshire, Gerhold and Reilly"
991,Ricardo,Clausewitz,rclausewitzri@mtv.com,Male,780-209-8350,Macejkovic Group
992,Shawnee,Shawl,sshawlrj@liveinternet.ru,Female,249-535-9909,"Gusikowski, Osinski and Blick"
993,Sherman,Arnoult,sarnoultrk@youtube.com,Male,876-189-3465,Fritsch and Sons
994,Raymund,Mahomet,rmahometrl@privacy.gov.au,Agender,756-196-2599,"Considine, Luettgen and Sauer"
995,Chlo,Stachini,cstachinirm@forbes.com,Female,380-566-7481,"Lind, Boehm and Ferry"
996,Gwenny,Boynes,gboynesrn@cdbaby.com,Female,185-471-5423,"Herman, Farrell and Tillman"
997,Aleksandr,Geipel,ageipelro@surveymonkey.com,Male,870-567-2417,"Little, Heidenreich and Bailey"
998,Kenneth,Boddington,kboddingtonrp@bigcartel.com,Male,541-655-2435,Predovic Inc
999,Livia,Summerill,lsummerillrq@yandex.ru,Female,522-693-5312,Barrows and Sons
1000,Ceciley,Ropert,cropertrr@reference.com,Female,481-212-1119,"Ferry, Berge and Runolfsson"
